hts10,hs6,description,short_description,quantity_unit_1,quantity_unit_2,sitc,end_use,naics,hts_vintage,scope,scope_basis
7206100000,720610,IRON AND NONALLOY STEEL INGOTS,IRON AND NONALLOY STEEL INGOTS,KG,,67241,14100,331110,2025,section232_core_steel,Proclamation 9705 core steel range 7206.10-7216.50
7206900000,720690,"IRON AND NONALLOY STEEL, PRIMARY FORMS NOT INGOTS","IRON AND NONALLOY STEEL, PRIMARY FORMS NOT INGOTS",KG,,67245,14100,331110,2025,section232_core_steel,Proclamation 9705 core steel range 7206.10-7216.50
7207110000,720711,SEMIFINISHED PRODUCTS OF IRON OR NONALLOY STEEL UNDER 0.25 PERCENT CARBON RECTANGULAR OR SQUARE CROSS-SECTION WIDTH LESS THAN TWICE THE THICKNESS,"SMFD IOS NA LT.25% CRBN,REC/SQ CS WDTH LT 2X THKNS",KG,,67261,14100,331110,2025,section232_core_steel,Proclamation 9705 core steel range 7206.10-7216.50
7207120010,720712,SEMIFINISHED PRODUCTS OF IRON OR NONALLOY STEEL UNDER 0.25 PERCENT CARBON RECTANGLR  CROSS-SECTION WIDTH LESS THN 4 TIMES THE THICKNESS,SEMI IRON/STL LT .25%CARBON XSECT WDTH LT 4X THK,KG,,67262,14100,331110,2025,section232_core_steel,Proclamation 9705 core steel range 7206.10-7216.50
7207120050,720712,SEMIFINISHED PRODUCTS OF IRON OR NONALLOY STEEL UNDER 0.25 PERCENT CARBON RECTANGULAR CROSS-SECTION WIDTH AT LEAST 4 TIMES THE THICKNESS,SEMIFIN IR/STL LT 0.25%CARB CROS-SECT WD GT=4X THK,KG,,67262,14100,331110,2025,section232_core_steel,Proclamation 9705 core steel range 7206.10-7216.50
7207190030,720719,SEMIFINISHED PRODUCTS OF IRON OR NONALLOY STEEL UNDER 0.25 PERCENT CARBON CIRCULAR CROSS-SECTION,SEMIFIN IRON/STL LT 0.25% CARBON CIRCULAR XSECT,KG,,67269,14100,331110,2025,section232_core_steel,Proclamation 9705 core steel range 7206.10-7216.50
7207190090,720719,"OTHER SEMIFINISHED PRODUCTS OF IRON OR NONALLOY STEEL UNDER 0.25 PERCENT CARBON, OTHER",SEMIFINISHED IRON/NALLOY STL LT 0.25% CARB; NESOI,KG,,67269,14100,331110,2025,section232_core_steel,Proclamation 9705 core steel range 7206.10-7216.50
7207200025,720720,SEMIFINISHED PRODUCTS OF IRON OR NONALLOY STEEL 0.25 PERCENT OR MORE CARBON RECTANGULAR OR SQUARE CROSS-SECTION WIDTH LESS THAN 4 TIMES THE THICKNESS,SEMI IRON/STL GT=0.25% CRB RECT/SQR XSEC LT 4XTHK,KG,,67270,14100,331110,2025,section232_core_steel,Proclamation 9705 core steel range 7206.10-7216.50
7207200045,720720,SEMIFINISHED PRODUCTS OF IRON OR NONALLOY STEEL 0.25 PERCENT OR MORE CARBON RECTANGULAR OR SQUARE CROSS-SECTION WIDTH AT LEAST 4 TIMES THE THICKNESS,SMFD IOS NA GT=.25% CRB AO RCT/SQ CS WDH GT=4XTH,KG,,67270,14100,331110,2025,section232_core_steel,Proclamation 9705 core steel range 7206.10-7216.50
7207200075,720720,SEMIFINISHED PRODUCTS OF IRON OR NONALLOY STEEL 0.25 PERCENT OR MORE CARBON CIRCULAR CROSS-SECTION,SMFD IOS NA GT=.25PCT CRBN AO CIRC CRSS-SCTN,KG,,67270,14100,331110,2025,section232_core_steel,Proclamation 9705 core steel range 7206.10-7216.50
7207200090,720720,"SEMIFINISHED PRODUCTS OF IRON OR NONALLOY STEEL 0.25 PERCENT OR MORE CARBON, CROSS-SECTION OTHER THAN CIRCULAR, RECTANGULAR OR SQUARE",SMFD IOS NA GT=.25% CRBN AO CRS-SEC NT CIR REC SQR,KG,,67270,14100,331110,2025,section232_core_steel,Proclamation 9705 core steel range 7206.10-7216.50
7208101500,720810,"FLAT-ROLLED IRON OR NONALLOY STEEL COILS, 600 MM OR MORE WIDE, HOT-ROLLED, NOT CLAD, PLATED OR COATED, PICKLED, WITH PATTERNS IN RELIEF","FLT RLD IOS NA CLS,GT/=600MM WD,HT RLD,PKLD,PATRN",KG,,67321,14100,331110,2025,section232_core_steel,Proclamation 9705 core steel range 7206.10-7216.50
7208103000,720810,"FLAT-ROLLED IRON OR NONALLOY STEEL, 600MM OR MORE WIDE, HOT-ROLLED, NOT CLAD, PLATED OR COATED, COILS, PATTERNS IN RELIEF, THICKNESS OF 4.75MM OR MORE",FLT RLD IR/NALLOY STL GT=600MM;HOT ROLL; GT=4.75MM,KG,,67321,14100,331110,2025,section232_core_steel,Proclamation 9705 core steel range 7206.10-7216.50
7208106000,720810,"FLAT-ROLLED IRON OR NONALLOY STEEL, 600MM OR MORE WIDE, HOT-ROLLED, NOT CLAD, PLATED OR COATED, COILS, PATTERNS IN RELIEF, LESS THAN 4.75MM THICK",FLT RLD IR/NALLOY STL GT=600MM; HOT ROLL;LT=4.75MM,KG,,67321,14100,331110,2025,section232_core_steel,Proclamation 9705 core steel range 7206.10-7216.50
7208253000,720825,"FLAT-ROLLED HIGH-STRENGH IRON OR NONALLOY STEEL COILS, 600 MM OR MORE WIDE, HOT-ROLLED, NOT CLAD, PLATED OR COATED, PICKLED, 4.75 MM OR MORE THICK","FLT RLD HI-STR IOS NA CLS,GT/= 600MM,PKLD,4.75MM T",KG,,67321,14100,331110,2025,section232_core_steel,Proclamation 9705 core steel range 7206.10-7216.50
7208256000,720825,"FLAT-ROLLED IRON OR NONALLOY STEEL COILS, NT HI-STR, 600 MM OR MORE WIDE, HOT-ROLLED, NOT CLAD, PLATED OR COATED, PICKLED, 4.75 MM OR MORE THICK","FLT RLD IOS NA CLS,GT/=600MM,PKLD,4.75MM THK,NT HI",KG,,67321,14100,331110,2025,section232_core_steel,Proclamation 9705 core steel range 7206.10-7216.50
7208260030,720826,"FLAT-ROLLED HIGH-STRENGTH STEEL OF A WIDTH >600 MM, IN COILS, NOT FURTHER WORKED THAN HOT-ROLLED, PICKLED, OF A THICKNESS >3 MM BUT < 4.75 MM",FLT-RLD HI-STR STL CLS HOT-RLD PICKLD 3-4.75MM THK,KG,,67321,14100,331110,2025,section232_core_steel,Proclamation 9705 core steel range 7206.10-7216.50
7208260060,720826,"FLAT-ROLLED IRON OR NONALLOY STEEL COILS,NT HI-STR, 600 MM OR MORE WIDE,HOT-ROLLED,NOT CLAD,PLATED OR COATED,PICKLED,GT/=3 MM TO LT 4.75MM THICK","FLT RLD IOS NA CLS,GT/=600MM,PKLD,3-4.75MMTHCK",KG,,67321,14100,331110,2025,section232_core_steel,Proclamation 9705 core steel range 7206.10-7216.50
7208270040,720827,"FLAT-ROLLED ADVANCED OR ULTRA HIGH-STRENGTH STEEL OF A WIDTH >600 MM, IN COILS, NOT FURTHER WORKED THAN HOT-ROLLED, PICKLED, OF A THICKNESS LT 3 MM",FLT-RLD AHSS OR UHSS COILS HOT-RLD PICKLED LT 3 MM,KG,,67321,14100,331110,2025,section232_core_steel,Proclamation 9705 core steel range 7206.10-7216.50
7208270045,720827,"FLAT-ROLLED HIGH-STRENGTH STEEL OF A WIDTH >600 MM, IN COILS, NOT FURTHER WORKED THAN HOT-ROLLED, PICKLED, OF A THICKNESS LESS THAN 3 MM, NESOI",FLT-RLD HI-STR STL COILS HOT-RLD PCKLD LT 3MM NES,KG,,67321,14100,331110,2025,section232_core_steel,Proclamation 9705 core steel range 7206.10-7216.50
7208270060,720827,"FLAT-ROLLED IRON OR NONALLOY STEEL COILS, EXCEPT HIGH-STRENGTH, 600MM OR MORE WIDE, HOT-ROLLED, NOT CLAD, PLATED OR COATED, PICKLED, UNDER 3 MM THICK","FLAT RLD IOS NA CLS,EX HI-STR,GT/=600MM,LT 3MM THK",KG,,67321,14100,331110,2025,section232_core_steel,Proclamation 9705 core steel range 7206.10-7216.50
7208360030,720836,"FLAT-ROLLED HIGH-STRENGTH IRON OR NONALLOY STEEL COILS, 600 MM OR MORE WIDE, HOT-ROLLED, NOT CLAD, PLATED OR COATED, NOT PICKLED, OVER 10 MM THICK","FLT RLD HI-STR IOS NA CLS,GT/=600MM,GT 10MM THK",KG,,67321,14100,331110,2025,section232_core_steel,Proclamation 9705 core steel range 7206.10-7216.50
7208360060,720836,"FLAT-ROLLED IRON OR NONALLOY STEEL COILS, EXC HIGH-STRENGTH, 600MM OR MORE WIDE, HOT-ROLLED, NOT CLAD, PLATED OR COATED, NOT PICKLED, OVER 10 MM THICK","FLT RLD IOS NA CLS,EX HI-STR,GT/=600MM,GT 10MM TH",KG,,67321,14100,331110,2025,section232_core_steel,Proclamation 9705 core steel range 7206.10-7216.50
7208370030,720837,"FLAT-ROLLED HIGH-STRENGTH IRON OR NONALLOY STEEL COILS,600MM OR MORE WIDE,HOT-ROLLED,NOT CLAD,PLATED OR COATED,NOT PICKLED, >4.75MM TO <10MM THICK","FLT RLD HI-STR IOS NA CLS,GT/=600MM,4.75-10MM THK",KG,,67321,14100,331110,2025,section232_core_steel,Proclamation 9705 core steel range 7206.10-7216.50
7208370060,720837,"FLAT-ROLLED IRON OR NONALLOY STEEL COILS,EX HI-STR,600MM OR MORE WIDE,HOT-ROLLED,NOT CLAD, PLATED OR COATED,NOT PICKLED,GT/=4.75MM TO LT 10 MM THK","FLAT RLD IOS NA CLS,EX HI-STR,GT/=600MM,4.75-10MM",KG,,67321,14100,331110,2025,section232_core_steel,Proclamation 9705 core steel range 7206.10-7216.50
7208380015,720838,"FLAT-ROLLED HIGH-STRENGTH STEEL OF A WIDTH >600 MM, IN COILS, NOT FURTHER WORKED THAN HOT-ROLLED, OF A THICKNESS >3 MM BUT <4.75 MM",FLT-RLD HI-STR STEEL IN COILS HOT-RLD 3-4.75MM THK,KG,,67321,14100,331110,2025,section232_core_steel,Proclamation 9705 core steel range 7206.10-7216.50
7208380030,720838,"FLAT-ROLLED IRON OR NONALLOY STEEL, 600MM WIDE OR MORE HOT-ROLLED, NOT CLAD, PLATED OR COATED,IN COILS,3 LT 4.75MM THICK, NOT PICKLED, UNTRIMMED EDGES",FLAT RLD IRON/STL COIL;3-4.75MM THK;UNTRIMMED EDGE,KG,,67321,14100,331110,2025,section232_core_steel,Proclamation 9705 core steel range 7206.10-7216.50
7208380090,720838,"FLAT-ROLLED IRON OR NONALLOY STEEL COILS 600MM OR MORE WIDE HOT-ROLLED NOT CLAD, PLATED OR COATED 3 LT 4.75MM THICK NOT PICKLED,OTHER THAN UNTRMD EDGE",FLT RLD IR/NALLOY STL GT=600MM;3-4.75MM THK;NESOI,KG,,67321,14100,331110,2025,section232_core_steel,Proclamation 9705 core steel range 7206.10-7216.50
7208390020,720839,"FLAT-ROLLED ADVANCED OR ULTRA HIGH-STRENGTH STEEL COILS, 600MM OR MORE WIDE, HOT-ROLLED, NOT CLAD, PLATED OR COATED, NOT PICKLED, OF THICKNESS LT 3MM",FLAT-RLD AHSS OR UHSS IN COILS HOT-RLD LT 3 MM NES,KG,,67321,14100,331110,2025,section232_core_steel,Proclamation 9705 core steel range 7206.10-7216.50
7208390025,720839,"FLAT-ROLLED HIGH-STRENGTH IRON OR NONALLOY STEEL COILS, 600MM OR MORE WIDE, HOT-ROLLED, NOT CLAD, PLATED OR COATED, NOT PICKLED, LT 3 MM THICK, NESOI",FLAT-RLD HI-STR STEEL IN COILS HOT-RLD LT 3 MM NES,KG,,67321,14100,331110,2025,section232_core_steel,Proclamation 9705 core steel range 7206.10-7216.50
7208390030,720839,"FLAT-ROLLED IRON OR NONALLOY STEEL, 600MM OR MORE WIDE, IN COILS, HOT-ROLLED, NOT CLAD, PLATED OR COATED, UNDER 3MM THICK, NOT PICKLED UNTRIMMED EDGES",FLT RLD IRON/STL GT=600MM;LT 3MM THK; UNTRIM EDGE,KG,,67321,14100,331110,2025,section232_core_steel,Proclamation 9705 core steel range 7206.10-7216.50
7208390090,720839,"FLAT-ROLLED IRON OR NONALLOY STEEL, 600MM OR MORE WIDE, COILS, HOT-ROLLED, NOT CLAD, PLATED OR COATED, UNDER 3MM THICK, NOT PICKLED NOT UNTRMMED EDGES",FLT RLD IRN/NALLOY STL GT=600MM;LT 3MM THICK;NESOI,KG,,67321,14100,331110,2025,section232_core_steel,Proclamation 9705 core steel range 7206.10-7216.50
7208403030,720840,"FLAT-ROLLED IRON OR NONALLOY STEEL, 600MM OR MORE WIDE, HOT-ROLLED, NOT CLAD, PLATED OR COATED, NOT IN COILS, PATTERNS RELIEF, OVER 10MM THICK",FLT RLD IRN/NALLOY STL N COIL GT=600MM;GT 10MM THK,KG,,67324,14100,331110,2025,section232_core_steel,Proclamation 9705 core steel range 7206.10-7216.50
7208403060,720840,"FLAT-ROLLED IRON OR NONALLOY STEEL, 600MM OR MORE WIDE, HOT-ROLLED, NOT CLAD, PLATED OR COATED,NOT IN COILS,PATTERNS IN RELIEF,4.75MM LT 10MM THICK",FLAT RLD IRON/STL N COIL; GT=600MM; 4.75-10MM THK,KG,,67324,14100,331110,2025,section232_core_steel,Proclamation 9705 core steel range 7206.10-7216.50
7208406030,720840,"FLAT-ROLLED IRON OR NONALLOY STEEL, 600MM OR MORE WIDE, HOT-ROLLED, NOT CLAD, PLATED OR COATED, PATTERNS IN RELIEF,  NOT IN COILS, LESS THAN 3MM THICK",FLT RLD IRON/NALLOY STL N COIL GT=600MM;LT 3MM THK,KG,,67324,14100,331110,2025,section232_core_steel,Proclamation 9705 core steel range 7206.10-7216.50
7208406060,720840,"FLAT-ROLLED IRON OR NONALLOY STEEL, 600MM OR MORE WIDE HOT-ROLLED, NOT CLAD, PLATED OR COATED, NOT  COILED, PATTERNS IN RELIEF, 3 TO UNDER 4.75MM THCK",FLAT RLD IRON/STL; N COIL;GT=600MM; 3-4.75MM THK,KG,,67324,14100,331110,2025,section232_core_steel,Proclamation 9705 core steel range 7206.10-7216.50
7208510030,720851,"UNIVERSAL MILL PLATE, IRON OR NONALLOY STEEL, NOT COILS, 600 MM OR MORE WIDE, HOT-ROLLED, NOT CLAD, PLATED, COATED, OVER 10 MM THICK","UNVRSL ML PLT,IOS NA,GT/=600MM,HT-RLD,GT 10MM THK",KG,,67324,14100,331110,2025,section232_core_steel,Proclamation 9705 core steel range 7206.10-7216.50
7208510045,720851,"FLAT-ROLLED HIGH STRENGTH STEEL, 600MM OR MORE WIDE, HOT-ROLLED, NOT CLAD, PLATED OR COATED, NOT COILED, OVER 10MM THICK",FLAT RLD HISTRG STL; GT=600MM;GT 10MM THK;NOT COIL,KG,,67324,14100,331110,2025,section232_core_steel,Proclamation 9705 core steel range 7206.10-7216.50
7208510060,720851,"FLAT-ROLLED IRON OR NONALLOY STEEL, 600MM OR MORE WIDE, HOT-ROLLED, NOT CLAD, PLATED OR COATED, NOT IN COILS, OVER 10MM THICK",FLT RLD IRON/STL;N COIL;GT=600MM;GT 10MM THK;NESOI,KG,,67324,14100,331110,2025,section232_core_steel,Proclamation 9705 core steel range 7206.10-7216.50
7208520000,720852,"FLAT-ROLLED IRON OR NONALLOY STEEL,NOT COILS,600MM OR MORE WIDE,HOT-ROLLED,NOT CLAD,PLATED,COATED,GT/=4.75MM TO LT 10MM THICK","FLT RLD IOS NA,NT CLS,GT/=600MM,4.75-10MM THCK",KG,,67324,14100,331110,2025,section232_core_steel,Proclamation 9705 core steel range 7206.10-7216.50
7208530000,720853,"FLAT-ROLLED IRON OR NONALLOY STEEL, NOT COILS, 600 MM OR MORE WIDE, HOT-ROLLED, NOT CLAD, PLATED, COATED,GT/= 3 MM TO LT 4.75 MM THICK","FLAT RLD IOS NA,NT CLS,GT/=600MM,3-4.75MM THICK",KG,,67324,14100,331110,2025,section232_core_steel,Proclamation 9705 core steel range 7206.10-7216.50
7208540000,720854,"FLAT-ROLLED IRON OR NONALLOY STEEL, NOT COILS, 600 MM OR MORE WIDE, HOT-ROLLED, NOT CLAD, PLATED, COATED, LESS THAN 3 MM THICK","FLT RLD IOS NA, NT CLS, GT/=600MM, LT 3MM THK",KG,,67324,14100,331110,2025,section232_core_steel,Proclamation 9705 core steel range 7206.10-7216.50
7208900000,720890,"FLAT-ROLLED IRON OR NONALLOY STEEL COILS OR NOT, 600MM OR MORE WIDE, HOT-ROLLED, NOT CLAD, PLATED OR COATED, NESOI","FLT RLD IOS NA CLS/NT GT/= 600MM,HOT RLD,NESOI",KG,,67351,14100,331110,2025,section232_core_steel,Proclamation 9705 core steel range 7206.10-7216.50
7209150000,720915,"FLAT-ROLLED IRON OR NONALLOY STEEL COILS, 600MM OR MORE WIDE, COLD-ROLLED (COLD-REDUCED), 3MM (0.118 INCH) OR MORE THICK, NOT CLAD, PLATED OR COATED","FLT RLD IOS NA CLS GT/=600MM W,GT/=3MM THK,CLD-RLD",KG,,67341,14100,331110,2025,section232_core_steel,Proclamation 9705 core steel range 7206.10-7216.50
7209160040,720916,"FLAT-ROLLED ADVANCED OR ULTRA HIGH-STRENGTH STEEL COILS 600MM OR MORE WIDE COLD-ROLLED, NOT CLAD, PNTD OR COATED, OVER 1MM BUT LESS THAN 3MM, ANNEALED",FLAT-ROLLED AHSS OR UHSS COIL 1-3MM THICK ANNEALED,KG,,67341,14100,331110,2025,section232_core_steel,Proclamation 9705 core steel range 7206.10-7216.50
7209160045,720916,"FLAT-ROLLED HIGH-STRENGTH IRON OR NONALLOY STEEL COILS 600MM OR MORE WIDE COLD-ROLLED, NOT CLAD, PNTD OR COATED, GT 1MM BUT LT 3MM ANNEALED, NESOI",FLAT RLD HI-STR IRON/STL COIL 1-3MM ANNEALED NESOI,KG,,67341,14100,331110,2025,section232_core_steel,Proclamation 9705 core steel range 7206.10-7216.50
7209160060,720916,"FLAT-ROLLD HIGH-STRENGTH IRON OR NONALLOY STEEL COILS 600MM OR MORE WIDE COLD-ROLLD NOT CLAD, PNTD OR COATD, OVER 1MM BUT UNDER 3MM THICK NOT ANNEALED",FLAT & COLD RLD HI-STRTH IRON/STL;COIL;1-3MM;NESOI,KG,,67341,14100,331110,2025,section232_core_steel,Proclamation 9705 core steel range 7206.10-7216.50
7209160070,720916,"FLAT-ROLLED IRON OR NONALLOY STEEL COILS 600MM OR MORE WIDE COLD-ROLLED NOT CLAD,PLATED OR COAT,OVER 1MM, LESS THAN 3MM THICK,EX HI-STRENGTH,ANNEALED","FLT RLD IOS NA GT/=600MM, (1-3MM) THK,CLD-RLD,ANLD",KG,,67341,14100,331110,2025,section232_core_steel,Proclamation 9705 core steel range 7206.10-7216.50
7209160091,720916,"FLAT-ROLLED IRON OR NONALLOY STEEL COILS 600MM OR MORE WIDE COLD-ROLLED NOT CLAD,PLATED OR COATED,OVER 1MM BUT LESS THAN 3MM THICK,EX HI-STRENGTH","FLAT RLD IOS NA CLS GT/=600MM, (1-3MM) THK,CLD-RLD",KG,,67341,14100,331110,2025,section232_core_steel,Proclamation 9705 core steel range 7206.10-7216.50
7209170040,720917,"FLAT-ROLLED ADVANCED OR ULTRA HIGH-STRENGTH STEEL COILS, 600MM OR MORE WIDE, COLD-ROLLED, NOT CLAD, PLATED OR COATED, 0.5MM BUT LT 1MM THICK, ANNEALED",FLT-RL AHSS OR UHSS COIL GT=600MM 0.5-1MM ANNEALED,KG,,67341,14100,331110,2025,section232_core_steel,Proclamation 9705 core steel range 7206.10-7216.50
7209170045,720917,"FLAT-ROLLED HIGH-STRENGTH IRON OR NONALLOY STEEL COILS 600MM OR MORE WIDE COLD-ROLLED NOT CLAD, PLATED OR COATED 0.5MM BUT LT 1MM THICK ANNEALED NESOI",FLT-RLD HI-STR IRON/STL COIL 0.5-1MM ANNEALED NES,KG,,67341,14100,331110,2025,section232_core_steel,Proclamation 9705 core steel range 7206.10-7216.50
7209170060,720917,"FLAT-ROLLD HIGH-STRENGTH IRON OR NONALLOY STEEL COILS 600MM OR MORE WIDE COLD-ROLLD NOT CLAD, PLTD OR COATD, 0.5MM BUT NOT OVER 1MM THICK NOT ANNEALED",FLAT&COLD RLD HI-STRTH IRON/STL;COIL;0.5-1MM;NESOI,KG,,67341,14100,331110,2025,section232_core_steel,Proclamation 9705 core steel range 7206.10-7216.50
7209170070,720917,"FLAT-ROLLED IRON OR NONALLOY STEEL COILS 600MM OR MORE WIDE COLD-ROLLED NOT CLAD,PLATED OR COAT,0.5MM OR MORE,NOT OV 1MM THICK,EX HI-STRENGTH,ANNEALED","FLT RLD IOS NA GT/=600MM,(0.5-1MM)THK,CLD-RLD,ANLD",KG,,67341,14100,331110,2025,section232_core_steel,Proclamation 9705 core steel range 7206.10-7216.50
7209170091,720917,"FLAT-ROLLED IRON OR NONALLOY STEEL COILS 600MM OR MORE WIDE COLD-ROLLED NOT CLAD,PLATED OR COATED,0.5MM OR MORE BUT NOT OVER 1MM THICK,EX HI-STRENGTH","FLT RLD IOS NA CLS GT/=600MM,(0.5-1MM) THK,CLD-RLD",KG,,67341,14100,331110,2025,section232_core_steel,Proclamation 9705 core steel range 7206.10-7216.50
7209181530,720918,"FLAT-ROLLD HIGH-STRNGTH IRON OR NONALLOY STEEL COILS 600MM OR MORE WIDE COLD-ROLLED NOT CLAD, PLATED OR COATD, LESS THAN 0.5MM THICK ANNEALED",FLAT RLD HISTRTH IRON/STL;COIL;LT 0.5MMTHK;ANNEAL,KG,,67341,14100,331110,2025,section232_core_steel,Proclamation 9705 core steel range 7206.10-7216.50
7209181560,720918,"FLAT-ROLLD HIGH-STRNGTH IRON OR NONALLOY STEEL COILS 600MM OR MORE WIDE COLD-RLLD NOT CLAD, PNTD OR COATD, LESS THAN 0.5MM THICK NOT ANNEALED",FLAT RLD IRN/STL; COIL;GT=600MM;LT 0.5MM THK;NESOI,KG,,67341,14100,331110,2025,section232_core_steel,Proclamation 9705 core steel range 7206.10-7216.50
7209182520,720918,"FLAT-ROLLD IRON OR NONALLOY STEEL COILS 600MM OR MORE WIDE COLD-RLLD NOT CLAD, PLATED OR COATED, LESS THAN 0.361MM THICK(BLACKPLATE), ANNEALED",FLAT RLD IR/STL;COIL;GT=600MM;< .361MM THK;ANNEALD,KG,,67341,14100,331110,2025,section232_core_steel,Proclamation 9705 core steel range 7206.10-7216.50
7209182585,720918,"FLAT-ROLLD IRON OR NONALLOY STEEL COILS 600MM OR MORE WIDE COLD-RLLD NOT CLAD, PLATED OR COATED, LESS THAN 0.361MM THICK(BLACKPLATE), NESOI",FLAT RLD IR/STL;COIL;GT=600MM;LT .361MM THK; NESOI,KG,,67341,14100,331110,2025,section232_core_steel,Proclamation 9705 core steel range 7206.10-7216.50
7209186020,720918,"FLAT-ROLLED IRON OR NONALLOY STEEL COILS, 600MM OR MORE WIDE, COLD-ROLLED, NOT CLAD, PLATED OR COATED,ANNEALED, NESOI","FLT RLD IOS NA GT/=600MM,CLD-RLD,ANNEALED,NESOI",KG,,67341,14100,331110,2025,section232_core_steel,Proclamation 9705 core steel range 7206.10-7216.50
7209186090,720918,"FLAT-ROLLED IRON OR NONALLOY STEEL COILS, 600MM OR MORE WIDE, COLD-ROLLED, NOT CLAD, PLATED OR COATED, NESOI","FLT RLD IOS NA CLS GT/=600MM,CLD-RLD,NESOI",KG,,67341,14100,331110,2025,section232_core_steel,Proclamation 9705 core steel range 7206.10-7216.50
7209250000,720925,"FLAT-ROLLED IRON OR NONALLOY STEEL, NOT COILS, 600 MM OR MORE WIDE, COLD-ROLLED (COLD-REDUCED), 3MM OR MORE THICK, NOT CLAD, PLATED OR COATED","FLT RLD IOS NA NT CLS GT/=600MM,GT/=3MM THK,CLD-RL",KG,,67346,14100,331110,2025,section232_core_steel,Proclamation 9705 core steel range 7206.10-7216.50
7209260000,720926,"FLAT-ROLLED IRON OR NONALLOY STEEL,NOT COILS,600MM OR MORE WIDE,COLD-ROLLED,OVER 1M BUT UNDER 3MM THICK,NOT CLAD PLATED OR COATED","FTD RLD IOS NA NT CLS GT/=600MM,(1-3MM)THK,CLD-RLD",KG,,67346,14100,331110,2025,section232_core_steel,Proclamation 9705 core steel range 7206.10-7216.50
7209270000,720927,"FLAT-ROLLED IRON OR NONALLOY STEEL,NOT COILS,600 MM OR MORE WIDE,COLD-ROLLED (COLD-REDUCED),OVER 0.5MM BUT NOT OVER 1MM THICK,NOT CLAD PLATED OR COATD","FLT RLD IOS NA NT CLS GT/=600MM,0.5-1MMTHK,CLD-RLD",KG,,67346,14100,331110,2025,section232_core_steel,Proclamation 9705 core steel range 7206.10-7216.50
7209280000,720928,"FLAT-ROLLED IRON OR NONALLOY STEEL, NOT IN COILS, 600MM OR MORE WIDE, COLD-ROLLED (COLD-REDUCED), LESS THAN 0.5MM THICK, NOT CLAD, PLATED OR COATED","FLT RLD IOS NA NT CLS GT/=600MM,LT 0.5MM THK,CLD-R",KG,,67346,14100,331110,2025,section232_core_steel,Proclamation 9705 core steel range 7206.10-7216.50
7209900000,720990,"FLAT-ROLLED IRON OR NONALLOY STEEL, COILS OR NOT, 600MM OR MORE WIDE, COLD-ROLLED, NOT CLAD, PLATED OR COATED, NESOI","FLT RLD IOS NA CLS/NT GT/=600MM, CLD-RLD, NESOI",KG,,67352,14100,331110,2025,section232_core_steel,Proclamation 9705 core steel range 7206.10-7216.50
7210110000,721011,"FLAT-ROLLED IRON OR NONALLOY STEEL, 600MM OR MORE WIDE, PLATED OR COATED WITH TIN, 0.5MM OR MORE THICK","FLT RLD IOS NA GT/=600MM W,PLTD/CTD W/TIN,GT/=0.55",KG,,67421,14100,331110,2025,section232_core_steel,Proclamation 9705 core steel range 7206.10-7216.50
7210120000,721012,"FLAT-ROLLED IRON OR NONALLOY STEEL, 600MM OR MORE WIDE, COATED OR PLATED WITH TIN, LESS THAN 0.5MM THICK","FLT RLD IOS NA GT/=600MM,PLTD/CTD TIN,LT 0.5MM THK",KG,,67421,14100,331110,2025,section232_core_steel,Proclamation 9705 core steel range 7206.10-7216.50
7210200000,721020,"FLAT-ROLLED IRON OR NONALLOY STEEL, 600MM OR MORE WIDE, COATED OR PLATED WITH LEAD (TERNEPLATE)","FLT RLD IOS NA GT/=600MM,CTD/PLTD W/LEAD,TERNPLT",KG,,67441,14100,331110,2025,section232_core_steel,Proclamation 9705 core steel range 7206.10-7216.50
7210300030,721030,"FLAT-ROLLED HIGH-STRENGTH IRON OR NON-ALLOY STEEL, 600MM OR MORE WIDE, ELECTROLYTICALLY PLATED OR COATED WITH ZINC","FLT RLD HI-STR NA IOS GT/=600MM, PLTD/CTD W/ZINC",KG,,67411,14100,331110,2025,section232_core_steel,Proclamation 9705 core steel range 7206.10-7216.50
7210300060,721030,"FLAT-ROLLED IRON OR NONALLOY STEEL,600MM OR MORE WIDE,ELECTROLYTICALLY PLATED OR COATED WITH ZINC,OTHER THAN HIGH-STRENGTH","FLT RLD IOS NA GT/=600MM,PLTD/CTD W/ZN,EX HI-STR",KG,,67411,14100,331110,2025,section232_core_steel,Proclamation 9705 core steel range 7206.10-7216.50
7210410000,721041,"FLAT-ROLLED IRON OR NONALLOY STEEL,600MM OR MORE WIDE,COATED OR PLATED WITH ZINC, NOT ELECTROLYTIC, CORRUGATED, NOT HIGH-STRENGTH","FLT RLD IOS NA GT/=600MM,CRGTD,PLTD/CTD W/ZINC",KG,,67413,14100,331110,2025,section232_core_steel,Proclamation 9705 core steel range 7206.10-7216.50
7210490040,721049,"FLAT-ROLLED ADVANCED OR ULTRA HIGH-STRENGTH STEEL, 600 MM OR MORE WIDE, PLATED OR COATED WITH ZINC (NOT ELECTROLYTICALLY), NESOI","FLT-RLD AHSS OR UHSS GT=600MM ZINC PLTD/CTD, NESOI",KG,,67413,14100,331110,2025,section232_core_steel,Proclamation 9705 core steel range 7206.10-7216.50
7210490045,721049,"FLAT-ROLLED HIGH-STRENGTH IRON OR NONALLOY STEEL, 600 MM OR MORE WIDE, PLATED OR COATED WITH ZINC (NOT ELECTROLYTICALLY), NESOI",FLT RLD HI-STR IOS NA GT=600MM ZINC PLTD/CTD NESOI,KG,,67413,14100,331110,2025,section232_core_steel,Proclamation 9705 core steel range 7206.10-7216.50
7210490091,721049,"FLAT-ROLLED IRON OR NONALLOY STEEL OF A THICKNESS OF 0.4 MM OR MORE, OF A WIDTH OF 600 MM OR MORE, PLATED OR COATED WITH ZINC, NESOI","FLT RL IR/NAL STL GT=0.4MM T,600MM W ZNC PLT NESOI",KG,,67413,14100,331110,2025,section232_core_steel,Proclamation 9705 core steel range 7206.10-7216.50
7210490095,721049,"FLAT-ROLLED IRON OR NONALLOY STEEL OF A WIDTH OF 600 MM OR MORE, PLATED OR COATED WITH ZINC, NESOI",FLT RLD IR/NAL STL GT=600MM WIDE ZNC PLT/CTD NESOI,KG,,67413,14100,331110,2025,section232_core_steel,Proclamation 9705 core steel range 7206.10-7216.50
7210500020,721050,"FLAT-ROLLED IRON OR NONALLOY STEEL, WIDTH 600MM OR MORE AND LESS THAN 1050MM, PLATED OR COATED WITH CHROMIUM OXIDES OR CHROMIUM AND CHROMIUM OXIDES","FLT-RLD IOS NA, 600-1050MM WIDE, CHROMIUM PLTD/CTD",KG,,67442,14100,331110,2025,section232_core_steel,Proclamation 9705 core steel range 7206.10-7216.50
7210500090,721050,"FLAT-ROLLED IRON OR NONALLOY STEEL, 600MM OR MORE WIDE, PLATED OR COATED WITH CHROMIUM OXIDES OR CHROMIUM AND CHROMIUM OXIDES, NESOI","FLT-RLD IOS NA GT/=600MM CHROMIUM PLTD/CTD, NESOI",KG,,67442,14100,331110,2025,section232_core_steel,Proclamation 9705 core steel range 7206.10-7216.50
7210610000,721061,"FLAT-ROLLED IRON OR NONALLOY STEEL, 600MM OR MORE WIDE, PLATED OR COATED WITH ALUMINUM-ZINC ALLOYS","FLT RLD IOS NA GT/=600MM,PLTD/CTD W/ AL/ZN ALLOYS",KG,,67443,14100,331110,2025,section232_core_steel,Proclamation 9705 core steel range 7206.10-7216.50
7210690000,721069,"FLAT-ROLLED IRON OR NONALLOY STEEL, 600MM OR MORE WIDE, PLATED OR COATED WITH ALUMINUM OTHER THAN ALUMINUM-ZINC ALLOYS","FLT RLD IOS NA GT/=600MM,PLTD/CTD W/AL",KG,,67443,14100,331110,2025,section232_core_steel,Proclamation 9705 core steel range 7206.10-7216.50
7210703000,721070,"FLAT-ROLLED IRON OR NONALLOY STEEL 600MM OR MORE WIDE, PAINTED, VARNISHED OR PLASTIC COATED, NOT COATED OR PLATED WITH METAL, NOT CLAD",FLT RLD IRON/STL;PAINTED W/PLSTIC;NT COATD W/METAL,KG,,67431,14100,331110,2025,section232_core_steel,Proclamation 9705 core steel range 7206.10-7216.50
7210706030,721070,"FLAT-ROLLED IRON OR NONALLOY STEEL 600MM OR MORE WIDE, PAINTED, VARNISHED OR COATED WITH PLASTIC; ZINC COATED OR PLATED ELECTROLYTICALLY COATED,PLATED",FLT RLD IRON/STL;PNTD W/PLSTIC;ZINC COATD;ELECTRLY,KG,,67431,14100,331110,2025,section232_core_steel,Proclamation 9705 core steel range 7206.10-7216.50
7210706060,721070,"FLAT-ROLLED IRON OR NONALLOY STEEL 600MM OR MORE WIDE, PAINTED, VARNISHED, OR COATED WITH PLASTIC, ZINC COATED OR PLATED, NOT ELECTROLYTICALLY COATED",FLT RLD IRON/STL;PAINTED PLASTIC;ZINC COATED;NESOI,KG,,67431,14100,331110,2025,section232_core_steel,Proclamation 9705 core steel range 7206.10-7216.50
7210706090,721070,"FLAT-ROLLED IRON OR NONALLOY STEEL 600MM OR MORE WIDE, PAINTED, VARNISHED OR PLASTIC COATED, OTHER (COATED OR PLATED WITH METAL OTHER THAN ZINC)",FLAT RLD IRON/STL;GT=600MM; PAINTED PLASTIC; NESOI,KG,,67431,14100,331110,2025,section232_core_steel,Proclamation 9705 core steel range 7206.10-7216.50
7210901000,721090,"FLAT-ROLLED IRON OR NONALLOY STEEL, 600MM OR MORE WIDE, CLAD, NESOI","FLT RLD IOS NA GT/=600MM W,CLAD,NESOI",KG,,67444,14100,331110,2025,section232_core_steel,Proclamation 9705 core steel range 7206.10-7216.50
7210906000,721090,"FLAT-ROLLED IRON OR NONALLOY STEEL 600MM OR MORE WIDE, ELECTROLYTICALLY COATED OR PLATED WITH BASE METAL",FLT RLD IRON/STL;GT=600MM;ELECTRL COATD W/METAL,KG,,67444,14100,331110,2025,section232_core_steel,Proclamation 9705 core steel range 7206.10-7216.50
7210909000,721090,"FLAT-ROLLED IRON OR NONALLOY STEEL 600MM OR MORE WIDE, COATED OR PLATED NESOI",FLT RLD IRN/NALLOY STL;GT=600MM;PLATD/COATD; NESOI,KG,,67444,14100,331110,2025,section232_core_steel,Proclamation 9705 core steel range 7206.10-7216.50
7211130000,721113,"FLAT-ROLLED IRON OR NONALLOY STEEL, <600MM WIDE, HOT-ROLLED, NOT CLAD, PLATED OR COATED, UNIVERSAL MILL PLATE","FLT RLD HI-STR IOS NA LT 600MM,UNVRSL MILPLT,HT-RL",KG,,67327,14100,331110,2025,section232_core_steel,Proclamation 9705 core steel range 7206.10-7216.50
7211140030,721114,"FLAT-ROLLED HIGH-STRENGTH IRON OR NONALLOY STEEL, UNDER 600MM WIDE, HOT-ROLLED, NOT CLAD, PLATED OR COATED, 4.75MM THICK OR MORE",FLT RLD HISTRG STEEL;LT 600MM;HOT RLD;GT=4.75MMTHK,KG,,67327,14100,331110,2025,section232_core_steel,Proclamation 9705 core steel range 7206.10-7216.50
7211140045,721114,"FLAT-ROLLED IRON OR NONALLOY STEEL UNDER 600MM WIDE HOT-ROLLED, NOT CLAD, PLATED OR COATED, 4.75MM OR MORE THICK, NOT COILED",FLT RLD IR/NALLOY STL;LT 600MM;GT=4.75MMTHK;N COIL,KG,,67327,14100,331110,2025,section232_core_steel,Proclamation 9705 core steel range 7206.10-7216.50
7211140090,721114,"FLAT-ROLLED IRON OR NONALLOY STEEL UNDER 600MM WIDE HOT-ROLLED, NOT CLAD, PLATED OR COATED, 4.75MM OR MORE THICK, COILS",FLT RLD IR/STL;COIL;HOT RLD;LT 600MM;GT=4.75MM THK,KG,,67327,14100,331110,2025,section232_core_steel,Proclamation 9705 core steel range 7206.10-7216.50
7211191500,721119,"FLAT-ROLLED HIGH-STRENGTH STEEL, UNDER 300MM WIDE, HOT-ROLLED, NOT CLAD, PLATED OR COATED",FLAT ROLLED; HI-STRENGTH STEEL;HOT ROLL;LT 300MM,KG,,67329,14100,331110,2025,section232_core_steel,Proclamation 9705 core steel range 7206.10-7216.50
7211192000,721119,"FLAT-ROLLED IRON OR NONALLOY STEEL, UNDER 300MM WIDE, HOT-ROLLED, NOT CLAD, PLATED OR COATED, OVER 1.25MM THICK",FLT&HOT RLD IRN/STL;LT 300MM;NOT CLAD;GT 1.25MMTHK,KG,,67329,14100,331110,2025,section232_core_steel,Proclamation 9705 core steel range 7206.10-7216.50
7211193000,721119,"FLAT-ROLLED IRON OR NONALLOY STEEL UNDER 300MM WIDE HOT-ROLLED, NOT CLAD, PLATED OR COATED, 1.25MM OR LESS THICK",FLT&HOT RLD IRN/STL;LT 300MM;NOT CLAD;LT 1.25MMTHK,KG,,67329,14100,331110,2025,section232_core_steel,Proclamation 9705 core steel range 7206.10-7216.50
7211194500,721119,"FLAT-ROLLED HIGH-STRENGTH IRON OR NONALLOY STEEL HOT-ROLLED, NOT CLAD, COATED OR PLATED, OVER 300MM BUT LESS THAN 600MM WIDE NESOI",FLAT&HOT ROLLED HI-STRGH STEEL;(300-600MM); NESOI,KG,,67329,14100,331110,2025,section232_core_steel,Proclamation 9705 core steel range 7206.10-7216.50
7211196000,721119,"FLAT-ROLLED IRON OR NONALLOY STEEL, 300 TO UNDER 600MM WIDE, HOT-ROLLED, NOT CLAD, PLATED OR COATED, PICKLED",FLAT & HOT RLD IRON/NALLOY STL;(300-600MM);PICKLED,KG,,67329,14100,331110,2025,section232_core_steel,Proclamation 9705 core steel range 7206.10-7216.50
7211197530,721119,"FLAT-ROLLED IRON OR NONALLOY STEEL, 300 TO UNDER 600MM WIDE, HOT-ROLLED, NOT CLAD, PLATED OR COATED, IN COILS, WITH UNTRIMMED EDGES",FLT&HOT RLD IRON/STL;(300-600MM);COIL;UNTRIM EDGE,KG,,67329,14100,331110,2025,section232_core_steel,Proclamation 9705 core steel range 7206.10-7216.50
7211197560,721119,"FLAT-ROLLED IRON OR NONALLOY STEEL, 300 TO UNDER 600MM WIDE, HOT-ROLLED, NOT CLAD, PLATED OR COATED, NOT PICKLED, IN COILS, NESOI",FLAT&HOT ROLLED IRON/STL;(300-600MM); COIL; NESOL,KG,,67329,14100,331110,2025,section232_core_steel,Proclamation 9705 core steel range 7206.10-7216.50
7211197590,721119,"FLAT-ROLLED IRON OR NONALLOY STEEL, 300 TO UNDER 600MM WIDE, HOT-ROLLED, NOT CLAD, PLATED OR COATED, NOT IN COILS",FLAT&HOT RLD IRON/NALLOY STL;(300-600MM);NOT COIL,KG,,67329,14100,331110,2025,section232_core_steel,Proclamation 9705 core steel range 7206.10-7216.50
7211231500,721123,"FLAT-ROLLED HIGH-STRENGTH STEEL,UNDER 300MM WIDE, NOT CLAD COATED OR PLATED, COLD-ROLLED, UNDER 25% CARBON,OVER 1.25 MM THICK","FLT RLD HI-STR IOS NA LT 300MM,LT 25% CRBN,LT 1.25",KG,,67349,14100,331110,2025,section232_core_steel,Proclamation 9705 core steel range 7206.10-7216.50
7211232000,721123,"FLAT-ROLLED IRON OR NONALLOY STEEL UNDER 300MM WIDE, COLD-ROLLED, NOT CLAD, PLATED OR COATED, OVER 1.25MM THICK, UNDER 0.25 PERCENT CARBON",FLT&CLD RLD IRON/NALLOY STL;LT 300MM;GT 1.25MM THK,KG,,67349,14100,331110,2025,section232_core_steel,Proclamation 9705 core steel range 7206.10-7216.50
7211233000,721123,"FLAT-ROLLED IRON OR NONALLOY STEEL, UNDER 300MM WIDE, COLD-ROLLED, NOT CLAD, PLATED OR COATED, OVER 0.25 BUT NOT OVER 1.25MM THICK, UNDER 0.25% CARBON",FLT&COLD RLD IRON/STL;LT 300MM;(0.25MM-1.25MM)THK,KG,,67349,14100,331110,2025,section232_core_steel,Proclamation 9705 core steel range 7206.10-7216.50
7211234500,721123,"FLAT-ROLLED IRON OR NONALLOY STEEL UNDER 300MM WIDE, COLD-ROLLED, NOT CLAD, PLATED OR COATED, NOT OVER 0.25MM THICK, UNDER 0.25 PERCENT CARBON",FLT&CLD RLD IR/STL;LT 300MM;LT 0.25MMTHK;.25% CAR,KG,,67349,14100,331110,2025,section232_core_steel,Proclamation 9705 core steel range 7206.10-7216.50
7211236030,721123,"FLAT-ROLLED IRON OR NONALLOY STEEL, 300 TO UNDER 600MM WIDE, COLD-ROLLED, NOT CLAD, PLATED OR COATED, OVER 1.25MM THICK, UNDER 0.25 PERCENT CARBON",FLAT&COLD RLD IRON/STL;(300MM-600MM);GT 1.25MM THK,KG,,67349,14100,331110,2025,section232_core_steel,Proclamation 9705 core steel range 7206.10-7216.50
7211236060,721123,"FLAT-ROLLED IRON/NONALLOY STEEL, 300 TO UNDER 600MM WIDE, COLD-ROLLED, NOT CLAD, PLATED OR COATED, OVER 0.25 BUT NOT OVER 1.25MM THICK,LT 0.25% CARBON",FLAT&COLD RLD IRON/STL;(300-600MM);0.25-1.25MM THK,KG,,67349,14100,331110,2025,section232_core_steel,Proclamation 9705 core steel range 7206.10-7216.50
7211236090,721123,"FLAT-ROLLED IRON OR NONALLOY STEEL, 300 TO UNDER 600MM WIDE, COLD-ROLLED, NOT CLAD, PLATED OR COATED, NOT OVER 0.25MM THICK, UNDER 0.25% CARBON",FLAT- & COLD-ROLLED IR/STL;300-600MM;LT 0.25MM THK,KG,,67349,14100,331110,2025,section232_core_steel,Proclamation 9705 core steel range 7206.10-7216.50
7211292030,721129,"FLAT-ROLLED IRON OR NONALLOY STEEL COILS, UNDER 51MM WIDE, COLD-ROLLED, NOT CLAD, PLATED OR COATED, OVER 0.25MM THICK, UNDER 0.25 PERCENT CARBON",FLT&CLD RLD IR/STL; COIL;LT 51MM; GT 0.25MM THICK,KG,,67349,14100,331110,2025,section232_core_steel,Proclamation 9705 core steel range 7206.10-7216.50
7211292090,721129,"FLAT-ROLLED IRON OR NONALLOY STEEL, UNDER 300MM WIDE, COLD-ROLLED, NOT CLAD, PLATED OR COATED, OVER 0.25MM THICK, 0.25 PERCENT OR MORE CARBON, NESOI",FLAT&COLD RLD IRON/STL; LT 300MM; NOT COIL; NESOI,KG,,67349,14100,331110,2025,section232_core_steel,Proclamation 9705 core steel range 7206.10-7216.50
7211294500,721129,"FLAT-ROLLED IRON OR NONALLOY STEEL, UNDER 300MM WIDE, COLD-ROLLED, NOT CLAD, PLATED OR COATED, 0.25MM OR LESS THICK, 0.25 PERCENT OR MORE CARBON",FLT&CLD RLD IRON/NALLOY STL;LT 300MM; GT 0.25 THK,KG,,67349,14100,331110,2025,section232_core_steel,Proclamation 9705 core steel range 7206.10-7216.50
7211296030,721129,"FLAT-ROLLED IRON OR NONALLOY STEEL, 300 TO UNDER 600MM WIDE, COLD-ROLLED, NOT CLAD, PLATED OR COATED, OVER 1.25MM THICK, 0.25 PERCENT OR MORE CARBON",FLT&CLD RLD IRON/STL;(300MM-600MM); GT 1.25MM THK,KG,,67349,14100,331110,2025,section232_core_steel,Proclamation 9705 core steel range 7206.10-7216.50
7211296080,721129,"FLAT-ROLLED IRON OR NONALLOY STEEL, 300 TO UNDER 600MM WIDE, COLD-ROLLED, NOT CLAD, PLATED OR COATED, 1.25MM OR LESS THICK, 0.25% OR MORE CARBON",FLAT&COLD RLD IRON/ST;(300MM-600MM); LT=1.25MM THK,KG,,67349,14100,331110,2025,section232_core_steel,Proclamation 9705 core steel range 7206.10-7216.50
7211900000,721190,"FLAT-ROLLED IRON OR NONALLOY STEEL, LESS THAN 600MM WIDE, NOT CLAD, PLATED OR COATED, NESOI","FLT RLD IOS NA,LT 600MM, NT CLD/PLTD/CTD, NESOI",KG,,67353,14100,331110,2025,section232_core_steel,Proclamation 9705 core steel range 7206.10-7216.50
7212100000,721210,"FLAT-ROLLED IRON OR NONALLOY STEEL, UNDER 600MM WIDE, PLATED OR COATED WITH TIN","FLT RLD IOS NA, LT 600MM, PLTD/CTD W/ TIN",KG,,67422,14100,331110,2025,section232_core_steel,Proclamation 9705 core steel range 7206.10-7216.50
7212200000,721220,"FLAT-ROLLED IRON OR NONALLOY STEEL, UNDER 600MM WIDE, ELECTROLYTICALLY PLATED OR COATED WITH ZINC","FLT RLD IOS NA, LT 600MM,ELCTRLYTC PLTD/CTD W/ZINC",KG,,67412,14100,331110,2025,section232_core_steel,Proclamation 9705 core steel range 7206.10-7216.50
7212301030,721230,FLAT-ROLLED IRON OR NONALLOY STEEL UNDER 51MM WIDE COILS OVER 0.25MM THICK ZINC COATED OR PLATED NOT ELECTROLYTICALLY,FLAT RLD IR/STL;PLAT W/ZINC;LT 300MM;LT 51MM COILS,KG,,67414,14100,331110,2025,section232_core_steel,Proclamation 9705 core steel range 7206.10-7216.50
7212301090,721230,"FLAT-ROLLED IRON OR NONALLOY STEEL UNDER 300MM WIDE OVER 0.25MM THICK, OF A WIDTH LESS THAN 51mm, IN COILS; ZINC COATED OR PLATED NOT ELECTROLYTICALLY",FLT RLD IR/STL;PLD W/ZINC;GT 51MM;CL;GT 0.25MM THK,KG,,67414,14100,331110,2025,section232_core_steel,Proclamation 9705 core steel range 7206.10-7216.50
7212303000,721230,FLAT-ROLLED IRON OR NONALLOY STEEL UNDER 300MM WIDE; ZINC PLATED OR COATED; NOT ELECTROLYTICALLY; NESOI,FLAT ROLL IRON/STL;LT 300MM; PLATED W/ZINC; NESOI,KG,,67414,14100,331110,2025,section232_core_steel,Proclamation 9705 core steel range 7206.10-7216.50
7212305000,721230,FLAT-ROLLED IRON OR NONALLOY STEEL OVER 300MM WIDE; ZINC COATED OR PLATED IN COILS; NOT ELECTROLYTICALLY,FLAT ROLL IRON/NALLOY STL; PLATED W/ZINC; GT 300MM,KG,,67414,14100,331110,2025,section232_core_steel,Proclamation 9705 core steel range 7206.10-7216.50
7212401000,721240,"FLAT-ROLLED IRON OR NONALLOY STEEL UNDER 300MM WIDE, PAINTED, VARNISHED OR PLASTIC COATED",FLT RLD IRON/NALLOY STL; PAINT W/PLASTIC; LT 300MM,KG,,67432,14100,331110,2025,section232_core_steel,Proclamation 9705 core steel range 7206.10-7216.50
7212405000,721240,"FLAT-ROLLED IRON OR NONALLOY STEEL OVER 300MM TO UNDER 600MM WIDE, PAINTED, VARNISHED OR COATED WITH PLASTIC",FLT RLD IRON/STL; (300MM-600MM); PAINTED W/PLASTIC,KG,,67432,14100,331110,2025,section232_core_steel,Proclamation 9705 core steel range 7206.10-7216.50
7212500000,721250,"FLAT-ROLLED IRON OR NONALLOY STEEL, LESS THAN 600MM WIDE, OTHERWISE PLATED OR COATED, NESOI","FLT RLD IOS NA, LT 600MM, PLATED/COATED, NESOI",KG,,67451,14100,331110,2025,section232_core_steel,Proclamation 9705 core steel range 7206.10-7216.50
7212600000,721260,"FLAT-ROLLED IRON OR NONALLOY STEEL, LESS THAN 600MM WIDE, CLAD, NESOI","FLT-RLD IOS NA, LT 600MM, CLAD, NESOI",KG,,67452,14100,331110,2025,section232_core_steel,Proclamation 9705 core steel range 7206.10-7216.50
7213100000,721310,"CONCRETE REINFORCING BARS AND RODS OF IRON OR NONALLOY STEEL, IN IRREGULARLY WOUND COILS, HOT-ROLLED","CONCRETE REINFORCING IOS NA BARS&RODS,HT-RLD,CLS",KG,,67611,14100,331110,2025,section232_core_steel,Proclamation 9705 core steel range 7206.10-7216.50
7213200010,721320,"BARS AND RODS OF FREE-CUTTING STEEL, CONTAINING 0.1% OR MORE LEAD BY WEIGHT, HOT-ROLLED, IN IRREGULARLY WOUND COILS",BARS & RODS FREE-CUT STL GT=0.1% LEAD HOT-ROLD IRR,KG,,67612,14100,331110,2025,section232_core_steel,Proclamation 9705 core steel range 7206.10-7216.50
7213200080,721320,"BARS AND RODS OF FREE-CUTTING STEEL, HOT-ROLLED, IN IRREGULARLY WOUND COILS, NESOI",BAR ROD FREE-CUTTING STL HOT-ROLLD IRR COILS NESOI,KG,,67612,14100,331110,2025,section232_core_steel,Proclamation 9705 core steel range 7206.10-7216.50
7213913011,721391,"TIRE CORD-QLTY RODS, STAT NOTE 4, IRON/NONALLOY STEEL, IRREG COILS, CIRC SECTION <14MM DIAMETER; NT TEMPERED,TREATED/MFG,U.S. NOTE 9,SUBCHP3,CHP99","TIRE CORD WIR RODS,<14MM,NOTE 9,SUBCHP 3,CHP  99",KG,,67619,14100,331110,2025,section232_core_steel,Proclamation 9705 core steel range 7206.10-7216.50
7213913015,721391,"BARS AND RODS OF COLD HEADING QUALITY STEEL, HOT-ROLLED, IN IRREGULARLY WOUND COILS, CIRCULAR CROSS SECTION MEASURING LESS THAN 14 MM IN DIAMETER",BAR ROD CHQ STEEL HOT-ROLLD IRR COILS DIAM LT 14MM,KG,,67619,14100,331110,2025,section232_core_steel,Proclamation 9705 core steel range 7206.10-7216.50
7213913020,721391,"BARS/RODS WELD QLTY WIRE ROD AS DEF IN STAT NT 6 TO CH 72 OF IRN/NONALLOY STL, NOT TEMPERED/TREATED/MANUF, HOT-ROLLED IRR COILS CIRC X-SEC DIA LT 14MM",BAR WLD QUAL IR/STL NT TEMP ETC HT-RL IR DI LT14MM,KG,,67619,14100,331110,2025,section232_core_steel,Proclamation 9705 core steel range 7206.10-7216.50
7213913093,721391,"BARS AND RODS OF IRON OR NONALLOY STEEL, NOT TEMPERED/TREATED/MANUFACTURED, HOT-ROLLED, IN IRREGULARLY WOUND COILS, CIRC X-SECTION DIAM LT 14MM NESOI",BAR IRN/STL NT TEMP ETC HT-RL IRR DIA LT14MM NESOI,KG,,67619,14100,331110,2025,section232_core_steel,Proclamation 9705 core steel range 7206.10-7216.50
7213914500,721391,"BARS & RODS, IRON/NONALLOY STEEL, IRREGULARLY WOUND COIL, CIRCULAR CROSS SECTION <14MM DIAMETER, 0.6% OR MORE CARBON, NOT CONCRETE REINFORCED, NESOI","BAR&ROD IRON/STL,DIAMTR LT 14MM,GE 0.6% CRBN,HOTRL",KG,,67619,14100,331110,2025,section232_core_steel,Proclamation 9705 core steel range 7206.10-7216.50
7213916000,721391,"BARS & RODS,IRON/NONALLOY STEEL,HOT-ROLLED,IRREGULARLY WOUND COILS,CIRCULAR CROSS SECTION <14MM DIAMETER,<0.6% CARBON,NOT CONCRETE REINFORCED, NESOI","BAR&ROD IRON/STL,LT 14MM DIAMT,HOT-RL,LT 0.6% CRBN",KG,,67619,14100,331110,2025,section232_core_steel,Proclamation 9705 core steel range 7206.10-7216.50
7213990030,721399,"BARS AND RODS, IRON OR NONALLOY STEEL, HOT-ROLLED, IRREGULARLY WOUND COILS, CIRCULAR CROSS-SECTION, 14MM TO UNDER 19MM DIAMETER; NESOI",BARS&RODS IRON/NALLOY STEEL; 14MM-19MM; NESOI,KG,,67619,14100,331110,2025,section232_core_steel,Proclamation 9705 core steel range 7206.10-7216.50
7213990060,721399,"BARS AND RODS, IRON OR NONALLOY STEEL, HOT-ROLLED, IRREGULARLY WOUND COILS, CROSS-SECTION, 19MM AND OVER DIAMETER",BARS & RODS IRON/NALLOY STEEL; HOT-ROLLED; GT=19MM,KG,,67619,14100,331110,2025,section232_core_steel,Proclamation 9705 core steel range 7206.10-7216.50
7213990090,721399,"BARS AND RODS, IRON OR NONALLOY STEEL, HOT-ROLLED, IRREGULARLY WOUND COILS, NESOI",BARS & RODS IRON/NALLOY STEEL; HOT-ROLLED; NESOI,KG,,67619,14100,331110,2025,section232_core_steel,Proclamation 9705 core steel range 7206.10-7216.50
7214100000,721410,"BARS AND RODS OF IRON OR NONALLOY STEEL, NOT FURTHER WORKED THAN FORGED, INCLUDING THOSE TWISTED AFTER ROLLING","BAR & ROD OF IOS NA,FORGED",KG,,67643,14100,331110,2025,section232_core_steel,Proclamation 9705 core steel range 7206.10-7216.50
7214200000,721420,"CONCRETE REINFORCING BARS AND RODS, IRON OR NONALLOY STEEL, NOT FURTHER WORKED THAN HOT-ROLLED OR HOT-DRAWN, INCLUDING THOSE TWISTED AFTER ROLLING","CONCRETE REINFORCING BAR & ROD IOS NA,HT-RLD/DRWN",KG,,67621,14100,331110,2025,section232_core_steel,Proclamation 9705 core steel range 7206.10-7216.50
7214300010,721430,"BARS AND RODS OF FREE-CUTTING STEEL, CONTAINING 0.1% OR MORE LEAD BY WEIGHT, NOT FURTHER WORKED THAN, HOT-ROLLED, HOT-DRAWN OR HOT-EXTRUDED, ETC","BARS & RODS OF FREE-CUTTNG STEEL GT=0.1% LEAD, ETC",KG,,67622,14100,331110,2025,section232_core_steel,Proclamation 9705 core steel range 7206.10-7216.50
7214300080,721430,"BARS AND RODS OF FREE-CUTTING STEEL, HOT-ROLLED, HOT-DRAWN OR HOT-EXTRUDED, BUT INCLUDING THOSE TWISTED AFTER ROLLING, NESOI",BARS & ROD FREE-CUTTING STEEL HOT-ROLLED ETC NESOI,KG,,67622,14100,331110,2025,section232_core_steel,Proclamation 9705 core steel range 7206.10-7216.50
7214910016,721491,"BARS AND RODS OF IRON/NONALLOY STEEL,HOT-ROLLED,HOT-DRAWN,OF RECTANGULAR (NOT SQUARE)CROSS-SEC,CONTG LT 0.25 PERCENT CARBON,MAX CROSS-SEC LT 152MM","BR&RD IOS NA RCTNGL X,LT0.25%CRBN,HT-RL/DR,LT152MM",KG,,67629,14100,331110,2025,section232_core_steel,Proclamation 9705 core steel range 7206.10-7216.50
7214910020,721491,"BARS AND RODS OF IRON/NONALLOY STEEL,HOT-ROLLED,HOT-DRAWN,OF RECTANGULAR (NOT SQUARE)CROSS-SEC,CONTG LT 0.25 PERCENT CARBON,MAX CROSS-SEC 152MM/MORE","BR&RD IOS NA RCTNGL X,LT.25%CRBN,HT-RL/DR,152MM/GT",KG,,67629,14100,331110,2025,section232_core_steel,Proclamation 9705 core steel range 7206.10-7216.50
7214910060,721491,"BARS AND RODS OF IRON OR NONALLOY STEEL,HOT-ROLLED,HOT-DRAWN OF RECTANGULAR (NOT SQUARE) CROSS-SECTION, CONTAINING BY WEIGHT (0.25-0.6%) CARBON, NESOI","BAR&ROD IOS NA,RCTNGLR X-SEC(.25-.6%)CARBN,HT-RL/D",KG,,67629,14100,331110,2025,section232_core_steel,Proclamation 9705 core steel range 7206.10-7216.50
7214910090,721491,"BARS AND RODS OF IRON OR NONALLOY STEEL, HOT-ROLLED, HOT-DRAWN, OF RECTANGULAR (NOT SQUARE) CROSS-SECTION, CONTAINING BY WEIGHT GT/= 0.6% CARBON,NESOI","BAR&ROD IOS NA,RCTNGLR X-SEC,GT/=.6% CARBN,HT-RL/D",KG,,67629,14100,331110,2025,section232_core_steel,Proclamation 9705 core steel range 7206.10-7216.50
7214990016,721499,"OTHER BARS AND RODS, IRON OR NONALLOY STEEL, HOT-WORKED, ROUNDS, LESS THAN 0.25 PERCENT CARBON, DIAMETER LESS THAN 76MM","OTH BARS FE/STL;ROUNDS;HOT-WKD;LT 0.25%C,DIA<76MM",KG,,67629,14100,331110,2025,section232_core_steel,Proclamation 9705 core steel range 7206.10-7216.50
7214990021,721499,"OTHER BARS AND RODS, IRON OR NONALLOY STEEL, HOT-WORKED, ROUNDS, LESS THAN 0.25 PERCENT CARBON, DIAMETER  OF 76MM OR MORE BUT NOT EXCEEDING 152MM","OTHER BRS IRN/STL;RNDS;HOT-WKD;LT 0.25%CRBN,76-152",KG,,67629,14100,331110,2025,section232_core_steel,Proclamation 9705 core steel range 7206.10-7216.50
7214990026,721499,"OTHER BARS AND RODS, IRON OR NONALLOY STEEL, HOT-WORKED, ROUNDS, LESS THAN 0.25 PERCENT CARBON, DIAMETER  EXCEEDING 152MM","OTHER BRS IRN/STL;RNDS;HOT-WKD;LT 0.25%CRBN,EXC152",KG,,67629,14100,331110,2025,section232_core_steel,Proclamation 9705 core steel range 7206.10-7216.50
7214990031,721499,"OTHER BARS AND RODS, IRON OR NONALLOY STEEL, HOT-WORKED, ROUNDS, 0.25 BUT LESS THAN 0.6 PERCENT CARBON WITH A DIAMETER LESS THAN 76MM","OTHER BARS IRN/STL;RNDS;(0.25%-0.6%)CRBN,D=LT76MM",KG,,67629,14100,331110,2025,section232_core_steel,Proclamation 9705 core steel range 7206.10-7216.50
7214990036,721499,"OTHER BARS AND RODS, IRON OR NONALLOY STEEL, HOT-WORKED, ROUNDS, 0.25 BUT LT 0.6 PERCENT CARBON WITH DIAMETER 76MM OR MORE BUT NOT EXCEEDING 152MM","OTHER BARS IRN/STL;RNDS;(0.25%-0.6%)CRBN,D=76-152",KG,,67629,14100,331110,2025,section232_core_steel,Proclamation 9705 core steel range 7206.10-7216.50
7214990040,721499,"OTHER BARS AND RODS, IRON OR NONALLOY STEEL, HOT-WORKED, ROUNDS, 0.25 BUT LESS THAN 0.6 PERCENT CARBON WITH A DIAMETER GREATER THAN 152MM","OTHER BARS IRN/STL;ROUNDS;(0.25%-0.6%)CRBN,D=GT152",KG,,67629,14100,331110,2025,section232_core_steel,Proclamation 9705 core steel range 7206.10-7216.50
7214990045,721499,"OTHER BARS AND RODS, IRON OR NONALLOY STEEL, HOT-WORKED, ROUNDS, OVER 0.6 PERCENT CARBON",OTHER BARS IRON/STL; HOTWRKD; RNDS; GT .6% CARBON,KG,,67629,14100,331110,2025,section232_core_steel,Proclamation 9705 core steel range 7206.10-7216.50
7214990060,721499,"OTHER BARS AND RODS, IRON OR NONALLOY STEEL, HOT-WORKED, LESS THAN 0.25 PERCENT CARBON, NESOI",OTHER BARS IRON/STL HOTWORK;LT 0.25% CARBON;NESOI,KG,,67629,14100,331110,2025,section232_core_steel,Proclamation 9705 core steel range 7206.10-7216.50
7214990075,721499,"OTHER BARS AND RODS, IRON OR NONALLOY STEEL, HOT WORKED, 0.25 PERCENT OR MORE BUT LESS THAN 0.6 PERCENT CARBON, NESOI",OTH BARS IRON/STL;HOT WRKD;(0.25%-0.6%) CARB;NESOI,KG,,67629,14100,331110,2025,section232_core_steel,Proclamation 9705 core steel range 7206.10-7216.50
7214990090,721499,"OTHER BARS AND RODS, IRON OR NONALLOY STEEL, HOT-WORKED, OVER 0.6 PERCENT CARBON, NESOI",OTHER BARS IRON/STL; HOT WORKD;GT 0.6% CARB; NESOI,KG,,67629,14100,331110,2025,section232_core_steel,Proclamation 9705 core steel range 7206.10-7216.50
7215100010,721510,"BARS AND RODS OF FREE-CUTTING STEEL, CONTAINING 0.1% OR MORE LEAD BY WEIGHT, NOT FURTHER WORKED THAN COLD-FORMED OR COLD-FINISHED",BAR ROD FREE-CUT STEEL GT=0.1% LEAD COLD-FORM ETC,KG,,67631,14100,331110,2025,section232_core_steel,Proclamation 9705 core steel range 7206.10-7216.50
7215100080,721510,"BARS AND RODS OF FREE-CUTTING STEEL, CONTAINING LESS THAN 0.1% LEAD BY WEIGHT, NOT FURTHER WORKED THAN COLD-FORMED OR COLD-FINISHED",BAR ROD FREE-CUTTING STEEL COLD-FORMD/FINSHD NESOI,KG,,67631,14100,331110,2025,section232_core_steel,Proclamation 9705 core steel range 7206.10-7216.50
7215500016,721550,"BARS AND RODS OF IRON OR NONALLOY STEEL, LT 0.25% OF CARBON BY WEIGHT, DIAM/CRS-SEC LT 76 MM, NT FURTHER WORKED THAN COLD-FORMED, COLD-FINISHED, NESOI",BARS/RODS I/NA S LT .25% C D:LT 76MM CLD-FRM/FNSHD,KG,,67633,14100,331110,2025,section232_core_steel,Proclamation 9705 core steel range 7206.10-7216.50
7215500018,721550,"BARS AND RODS OF IRON OR NONALLOY STEEL, LT 0.25% CARBON BY WEIGHT, DIAM/CRS-SCT 76-228 MM, NOT FURTHER WORKED THAN COLD-FORMED, COLD-FINISHED, NESOI",BARS/RODS I/NA S LT .25%C DIA76-228MM CLD-FRM/FNSH,KG,,67633,14100,331110,2025,section232_core_steel,Proclamation 9705 core steel range 7206.10-7216.50
7215500020,721550,"BARS AND RODS OF IRON OR NONALLOY STEEL, LT 0.25% OF CARBON BY WEIGHT, DIAM/CRS-SEC GT 228 MM, NT FURTHER WORKED THAN COLD-FORMED,COLD-FINISHED, NESOI",BARS/RODS I/NA S LT .25% C D:GT 228MM CLD-FRM/FNSH,KG,,67633,14100,331110,2025,section232_core_steel,Proclamation 9705 core steel range 7206.10-7216.50
7215500061,721550,"BARS AND RODS OF IRON OR NONALLOY STEEL, 0.25-0.6% CARBON BY WEIGHT, DIAM/CRS-SEC LT 76 MM, NT FURTHER WORKED THAN COLD-FORMED, COLD-FINISHED, NESOI",BARS/RODS I/NA S .25-.6% C D:LT 76MM CLD-FRM/FNSHD,KG,,67633,14100,331110,2025,section232_core_steel,Proclamation 9705 core steel range 7206.10-7216.50
7215500063,721550,"BARS AND RODS OF IRON OR NONALLOY STEEL, 0.25-0.6% CARBON BY WEIGHT, DIAM/CRS-SEC 76-228 MM, NOT FURTHER WORKED THAN COLD-FORMED, COLD-FINISHED, NESOI",BARS/RODS I/NA S .25-.6% C D:76-228MM CLD-FRM/FNSH,KG,,67633,14100,331110,2025,section232_core_steel,Proclamation 9705 core steel range 7206.10-7216.50
7215500065,721550,"BARS AND RODS OF IRON OR NONALLOY STEEL, 0.25-0.6% CARBON BY WEIGHT, DIAM/CRS-SEC GT 228 MM, NOT FURTHER WORKED THAN COLD-FORMED, COLD-FINISHED NESOI",BARS/RODS I/NA S .25-.6% C D:GT 228MM CLD-FRM/FNSH,KG,,67633,14100,331110,2025,section232_core_steel,Proclamation 9705 core steel range 7206.10-7216.50
7215500090,721550,"BARS AND RODS, OF IRON OR NONALLOY STEEL, NOT FURTHER WORKED THAN COLD-FORMED OR COLD-FINISHED, CONTAINING BY WEIGHT  0.6 PERCENT OR MORE CARBON,NESOI","BAR&RODS IOS NA,CLD-FRM/FNSHD,WT GT/=.6% CRB",KG,,67633,14100,331110,2025,section232_core_steel,Proclamation 9705 core steel range 7206.10-7216.50
7215901000,721590,"OTHER BARS AND RODS IRON OR NONALLOY STEEL, COATED OR PLATED WITH METAL, NOT COLD-FORMED","OTH BRS RDS IRON/STL,COATD/PLTD W METL,NOT COLD-FM",KG,,67644,14100,331110,2025,section232_core_steel,Proclamation 9705 core steel range 7206.10-7216.50
7215903000,721590,"OTHER BARS AND RODS IRON OR NONALLOY STEEL, COATED OR PLATED WITH METAL, COLD-FORMED","OTH BRS RDS IRON/STL,COATD/PLTD W METAL, COLD-FORM",KG,,67644,14100,331110,2025,section232_core_steel,Proclamation 9705 core steel range 7206.10-7216.50
7215905000,721590,"OTHER BARS AND RODS IRON OR NONALLOY STEEL, NESOI","OTHER BARS AND RODS IRON OR NONALLOY STEEL, NESOI",KG,,67644,14100,331110,2025,section232_core_steel,Proclamation 9705 core steel range 7206.10-7216.50
7216100010,721610,"ANGLES, SHAPES AND U SECTIONS, IRON OR NONALLOY STEEL,HOT ROLLED, HOT DRAWN,LESS THAN 80MM HIGH","ANGLES,U SECT,IRON/NON ALY STL,HOTRLD, LT 80MM HGH",KG,,67681,14100,331110,2025,section232_core_steel,Proclamation 9705 core steel range 7206.10-7216.50
7216100050,721610,"ANGLES, SHAPES AND I OR H SECTIONS, IRON OR NONALLOY STEEL, HOT-ROLLED, HOT-DRAWN, LESS THAN 80MM  HIGH","ANGLS,I OR H SEC IRN/STL,NALY,HOTRLD LT 80MM HGH",KG,,67681,14100,331110,2025,section232_core_steel,Proclamation 9705 core steel range 7206.10-7216.50
7216210000,721621,"ANGLES, SHAPES & L SECTIONS, OF IRON OR NONALLOY STEEL, NOT FURTHER WORKED THAN HOT-ROLLED, HOT-DRAWN OR EXTRUDED, LESS THAN 80MM HIGH","ANGLES,L SECT,IOS NA,HT-RLD/DRWN/EXTRD LT 80MM HI",KG,,67681,14100,331110,2025,section232_core_steel,Proclamation 9705 core steel range 7206.10-7216.50
7216220000,721622,"ANGLES, SHAPES, AND T SECTIONS, OF IRON OR NONALLOY STEEL, NOT FURTHER WORKED THAN HOT-ROLLED, HOT DRAWN OR EXTRUDED, LESS THAN 80MM HIGH","ANGLES,T SECT,IOS NA,HT-RLD/DRWN/EXTRD LT 80MM HI",KG,,67681,14100,331110,2025,section232_core_steel,Proclamation 9705 core steel range 7206.10-7216.50
7216310000,721631,"ANGLES, SHAPES AND U SECTIONS, OF IRON OR NONALLOY STEEL, NOT FURTHER WORKED THAN HOT-ROLLED, HOT-DRAWN OR EXTRUDED, 80MM OR MORE HIGH","ANGLES,U SECT,IOS NA,HT-RLD/DRWN/EXTRD GT/=80MM HI",KG,,67682,14100,331110,2025,section232_core_steel,Proclamation 9705 core steel range 7206.10-7216.50
7216320000,721632,"ANGLES, SHAPES AND I SECTIONS, OF IRON OR NONALLOY STEEL, NOT FURTHER WORKED THAN HOT-ROLLED, HOT-DRAWN, OR EXTRUDED, 80MM OR MORE HIGH,STANDARD BEAMS","ANGLES,I SECT,IOS NA,HT-RLD/DRWN/EXTRD GT/=80MM HI",KG,,67682,14100,331110,2025,section232_core_steel,Proclamation 9705 core steel range 7206.10-7216.50
7216330030,721633,"ANGLES, SHAPES & H SECTIONS IRON OR NONALLOY STEELHOT-ROLL, HOT-DRN,80 MM OR MORE HIGH,WEIGH NOT MORE THAN 11.3 KG PR 30.5CM, WEB DEPTH 102MM TO 356MM","H SEC IR/STL,HI GT=80MM,HT RLD,WT LT=11.3KG/30.5CM",KG,,67682,14100,331110,2025,section232_core_steel,Proclamation 9705 core steel range 7206.10-7216.50
7216330060,721633,"ANGLES,H SECTIONS IRON OR NONALLOY STEEL HOT-ROLLED,80MM OR MORE HIGH WEIGHING OVER 11.3KG BUT NOT OVER 27.2KG PER 30.5CM WEB DEPTH 203MM TO 457MM","H SEC IR/STL,HOTR,GT=80 MM HT,(11.3-27.2KG)/30.5CM",KG,,67682,14100,331110,2025,section232_core_steel,Proclamation 9705 core steel range 7206.10-7216.50
7216330090,721633,OTHR H SECTIONS IRON OR NONALLOY STEEL HOT-ROLLED 80 MM OR MORE HIGH,"OTH H SECTIONS,IRON/NONALY STEEL,HOT-RL,GT 80MM HT",KG,,67682,14100,331110,2025,section232_core_steel,Proclamation 9705 core steel range 7206.10-7216.50
7216400010,721640,"ANGLES, SHAPES AND L SECTIONS IRON OR NONALLOY STEEL HOT-ROLLED, HOT-DRAWN,80MM OR MORE HIGH","ANGLES,L SECTION,IRON/NALY STL HOT-RLD,GT=80MM HI",KG,,67682,14100,331110,2025,section232_core_steel,Proclamation 9705 core steel range 7206.10-7216.50
7216400050,721640,"ANGLES, SHAPES AND T SECTIONS IRON OR NONALLOY STEEL, HOT-ROLLED, HOT-DRAWN, 80MM OR MORE HIGH","T SECTION,IRON OR NONALY STEEL,HOT-RLD GT=80MM HI",KG,,67682,14100,331110,2025,section232_core_steel,Proclamation 9705 core steel range 7206.10-7216.50
7216500000,721650,"ANGLES, SHAPES, AND SECTIONS, OF IRON OR NONALLOY STEEL, NOT FURTHER WORKED THAN HOT-ROLLED, HOT-DRAWN, OR EXTRUDED, NESOI","ANGLS,SHPES,& SECS IOS NA HT-RLD/DRWN/EXTRD NESOI",KG,,67683,14100,331110,2025,section232_core_steel,Proclamation 9705 core steel range 7206.10-7216.50
7216990010,721699,"ANGLES, SHAPES AND SECTIONS, IRON OR NONALLOY STEEL, DRILLED, NOTCHED, PUNCHED OR CAMBERED","ANGLES,SHAPS,SECTNS IRON/NONALLOY STEL,DRILD/NTCH",KG,,67685,14100,331110,2025,section232_core_steel,Proclamation 9705 core steel range 7216.99-7301.10
7216990090,721699,"ANGLES, SHAPES AND SECTIONS, IRON OR NONALLOY STEEL, NESOI (EX DRILLED, NOTCHED, PUNCHED OR CAMBERED PRODUCTS)","ANGLES, SHAPES, SECTIONS IRON/NONALLOY STEEL NESOI",KG,,67685,14100,331110,2025,section232_core_steel,Proclamation 9705 core steel range 7216.99-7301.10
7217101000,721710,"FLAT WIRE, IRON OR NONALLOY STEEL, NOT PLATED OR COATED, UNDER 0.25 PERCENT CARBON, NOT OVER 0.25MM THICK","FLAT WIRE IR/STL NOT PLAT/COTD,LT .25%CA,LT=.25MM",KG,,67814,14100,331222,2025,section232_core_steel,Proclamation 9705 core steel range 7216.99-7301.10
7217102000,721710,"FLAT WIRE, IRON OR NONALLOY STEEL, NOT PLATED OR COATED, UNDER 0.25 PERCENT CARBON, OVER 0.25MM-1.25MM THICK","FLAT WIRE,IR/STL NOT PLT LT .25%CARB,(.25-1.25MM)",KG,,67814,15000,331222,2025,section232_core_steel,Proclamation 9705 core steel range 7216.99-7301.10
7217103000,721710,"FLAT WIRE, IRON OR NONALLOY STEEL, NOT PLATED OR COATED, UNDER 0.25 PERCENT CARBON, OVER 1.25MM THICK","FLT WIRE,IR/STL NOT PLTD,LT .25%CARB,GT 1.25MM TH",KG,,67814,15000,331222,2025,section232_core_steel,Proclamation 9705 core steel range 7216.99-7301.10
7217104040,721710,"ROUND WIRE, IN COILS WEIGH NT MORE THAN 2 KG, IRON OR NONALLOY STEEL, NOT PLATED OR COATED, UNDER 0.25 PERCNT CARBON, UNDER 1.5MM DIAMETR, HEAT-TREATD",ROUND WIRE COIL STL NT/PLT LT.25%CAR LT 1.5MM HEAT,KG,,67814,15000,331222,2025,section232_core_steel,Proclamation 9705 core steel range 7216.99-7301.10
7217104045,721710,"ROUND WIRE, IRON OR NONALLOY STEEL, NOT PLATED OR COATED, UNDER 0.25 PERCENT CARBON, UNDER 1.5MM DIAMETER, HEAT-TREATED","ROUND WIRE,IR/STL,NOT/PLT LT .25%CAR,LT 1.5MM HEAT",KG,,67814,15000,331222,2025,section232_core_steel,Proclamation 9705 core steel range 7216.99-7301.10
7217104090,721710,"ROUND WIRE, IRON OR NONALLOY STEEL, NOT PLATED OR COATED, UNDER 0.25 PERCENT CARBON, UNDER 1.5MM DIAMETER,NOT HEAT-TREATED","ROUND WIRE,IR/STL NOT/PLTD LT.25%CA,LT 1.5MM,NHEAT",KG,,67814,15000,331222,2025,section232_core_steel,Proclamation 9705 core steel range 7216.99-7301.10
7217105030,721710,"ROUND WIRE, IRON OR NONALLOY STEEL, NOT PLATED OR COATED, UNDER 0.25 PERCENT CARBON, 1.5MM OR MORE DIAMETER, HEAT TREATED","ROUND WIRE,IR/STL N PLT LT .25%CAR,GT=1.5MM, HEATD",KG,,67814,15000,331222,2025,section232_core_steel,Proclamation 9705 core steel range 7216.99-7301.10
7217105090,721710,"ROUND WIRE, IRON OR NONALLOY STEEL, NOT PLATED OR COATED, UNDER 0.25 PERCENT CARBON, 1.5MM OR MORE DIAMETER, NO HEAT TREATED","ROUND WIRE,IR/STL N PLT LT .25%CA GT=1.5MM N HEATD",KG,,67814,15000,331222,2025,section232_core_steel,Proclamation 9705 core steel range 7216.99-7301.10
7217106000,721710,"OTHER WIRE, IRON OR NONALLOY STEEL, NOT PLATED OR COATED, UNDER 0.25 PERCENT CARBON","OTH WIRE,IR/NONALY STEEL NOT PLATD, LT 0.25% CARB",KG,,67814,15000,331222,2025,section232_core_steel,Proclamation 9705 core steel range 7216.99-7301.10
7217107000,721710,"FLAT WIRE, IRON OR NONALLOY STEEL, NOT PLATED OR COATED, 0.25 PERCENT OR MORE CARBON","FLAT WIRE IRON/NALY STEEL,NOT PLATED,GT=0.25% CARB",KG,,67814,15000,331222,2025,section232_core_steel,Proclamation 9705 core steel range 7216.99-7301.10
7217108010,721710,"ROUND WIRE, IRON OR NONALLOY STEEL, NOT PLATED OR COATED, 0.25 BUT UNDER 0.6 PERCENT CARBON, HEAT-TREATED","RND WIRE IRON/STEEL,NT PLT (.25-.6% CARBON),HEATED",KG,,67814,15000,331222,2025,section232_core_steel,Proclamation 9705 core steel range 7216.99-7301.10
7217108020,721710,"ROUND WIRE, IRON OR NONALLOY STEEL, NOT PLATED OR COATED, 0.25 BUT UNDER 0.6 PERCENT CARBON, NOT HEAT-TREATED","RND WIRE IRON/STL NT PLT(.25-.6%CARB), NOT HEATED",KG,,67814,15000,331222,2025,section232_core_steel,Proclamation 9705 core steel range 7216.99-7301.10
7217108025,721710,"ROUND WIRE, IRON OR NONALLOY STEEL, NOT PLATED OR COATED, UNDER 1.0MM DIAMETER, 0.6% OR MORE CARBON, HEAT-TREATED","RND WIRE IRON/STL,N/PLTD,HEAT LT 1MM, GT=0.6%CARB",KG,,67814,15000,331222,2025,section232_core_steel,Proclamation 9705 core steel range 7216.99-7301.10
7217108030,721710,"ROUND WIRE, IRON OR NONALLOY STEEL, NOT PLATED OR COATED, 1.0MM TO UNDER 1.5MM IN DIAMETER, 0.6% OR MORE CARBON, HEAT-TREATED","RND WIRE IRN/STL,N/PLTD,HEAT,(1-1.5MM),GT=0.6%CARB",KG,,67814,15000,331222,2025,section232_core_steel,Proclamation 9705 core steel range 7216.99-7301.10
7217108045,721710,"ROUND WIRE, IRON OR NONALLOY STEEL, NOT PLATED OR COATED, 0.6% OR MORE CARBON, 1.5MM OR MORE IN DIAMETER, HEAT-TREATED","RND WIRE,IRON/STL,N/PLTD,LT=1.5MM,GT=0.6% CARB,HT",KG,,67814,15000,331222,2025,section232_core_steel,Proclamation 9705 core steel range 7216.99-7301.10
7217108060,721710,"ROUND WIRE, IRON OR NONALLOY STEEL, NOT PLATED OR COATED, 0.6% OR MORE CARBON, UNDER 1.0MM IN DIAMETER, NOT HEAT-TREATED","RND WIRE IRON/STL,N/PLTD,LT 1MM,GT=0.6%CARB,N HEAT",KG,,67814,15000,331222,2025,section232_core_steel,Proclamation 9705 core steel range 7216.99-7301.10
7217108075,721710,"ROUND WIRE, IRON OR NONALLOY STEEL, NOT PLATED OR COATED, 0.6% OR MORE CARBON, 1.0MM-UNDER 1.5MM DIAMETER, NOT HEAT-TREATED","RND WIRE,IR/STL,N/PLTD,(1.0-1.5MM),GT=.6%CRB,N/HTD",KG,,67814,15000,331222,2025,section232_core_steel,Proclamation 9705 core steel range 7216.99-7301.10
7217108090,721710,"ROUND WIRE, IRON OR NONALLOY STEEL, NOT PLATED OR COATED, 0.6% OR MORE CARBON, 1.5MM OR MORE DIAMETER, NOT HEAT TREATED","RND WIRE,IRN/STL,N/PLT,GT=1.5MM DI,GT=0.6%CRB,N/HT",KG,,67814,15000,331222,2025,section232_core_steel,Proclamation 9705 core steel range 7216.99-7301.10
7217109000,721710,"OTHER WIRE, IRON OR NONALLOY STEEL, NOT PLATED OR COATED, NESOI","OTHER WIRE,IRON/NON ALLOY STEEL, NT PLATED, NESOI",KG,,67814,15000,331222,2025,section232_core_steel,Proclamation 9705 core steel range 7216.99-7301.10
7217201500,721720,"FLAT WIRE, IRON OR NONALLOY STEEL, PLATED OR COATED WITH ZINC","FLAT WIRE,IRON/NONALY STL,PLATED OR COATD WTH ZINC",KG,,67815,15000,331222,2025,section232_core_steel,Proclamation 9705 core steel range 7216.99-7301.10
7217203000,721720,"ROUND WIRE, IRON OR NONALLOY STEEL, PLATED OR COATED WITH ZINC 1.5 MM OR MORE DIAMETER, UNDER 0.25 PERCENT CARBON","RND WIRE,IRN/STL,PLT W/ZINC,GT=1.5MM,LT 0.25% CARB",KG,,67815,15000,331222,2025,section232_core_steel,Proclamation 9705 core steel range 7216.99-7301.10
7217204510,721720,"ROUND WIRE, IRON OR NONALLOY STEEL, PLATED OR COATED WITH ZINC, UNDER 1.0MM DIAMETER, UNDER 0.25 PERCENT CARBON","ROUND WIRE,IR/STL PLTD W/ZINC,LT 1.0MM,LT .25%CARB",KG,,67815,15000,331222,2025,section232_core_steel,Proclamation 9705 core steel range 7216.99-7301.10
7217204520,721720,"ROUND WIRE, IRON OR NONALLOY STEEL, PLATED OR COATED WITH ZINC, 0.25 BUT UNDER 0.6 PERCENT CARBON, UNDER 1.0MM DIAMETER","RND WIRE IRON/STL,ZINC PLT,LT 1MM ,(.25-.6%CARBON)",KG,,67815,15000,331222,2025,section232_core_steel,Proclamation 9705 core steel range 7216.99-7301.10
7217204530,721720,"ROUND WIRE, IRON OR NONALLOY STEEL, PLATED OR COATED WITH ZINC, UNDER 1.0mm DIAMETER, 0.6 PERCENT OR MORE CARBON","RND WIRE IRON/STL,ZINC PLTD, LT 1.0MM,GT=.6% CARB",KG,,67815,15000,331222,2025,section232_core_steel,Proclamation 9705 core steel range 7216.99-7301.10
7217204540,721720,"ROUND WIRE, IRON OR NONALLOY STEEL, PLATED OR COATED WITH ZINC, 1.0 MM-UNDER 1.5 MM DIAMETER,UNDER 0.25 PERCENT CARBON","RND WI,IR/STL,PLT W/ZI,GT=1.0M,LT 1.5MM,GT .25%CRB",KG,,67815,15000,331222,2025,section232_core_steel,Proclamation 9705 core steel range 7216.99-7301.10
7217204550,721720,"ROUND WIRE, IRON OR NONALLOY STEEL, PLATED OR COATED WITH ZINC, 1.0MM TO UNDER 1.5MM DIAMETER, 0.25 BUT UNDER 0.6 PERCENT CARBON","RND WI IR/STL,PLT ZINC,(1-1.5MM),(0.25-0.6%) CARB",KG,,67815,15000,331222,2025,section232_core_steel,Proclamation 9705 core steel range 7216.99-7301.10
7217204560,721720,"ROUND WIRE, IRON OR NONALLOY STEEL, PLATED OR COATED WITH ZINC, 1.0mm UNDER 1.5mm DIAMETER, 0.6 PERCENT OR MORE CARBON","RND WIRE,IR/STL,PLT ZINC,(1.0-1.5MM),GT=.6% CARBON",KG,,67815,15000,331222,2025,section232_core_steel,Proclamation 9705 core steel range 7216.99-7301.10
7217204570,721720,"ROUND WIRE, IRON OR NONALLOY STEEL, PLATED OR COATED WITH ZINC, 1.5MM OR MORE IN DIAMETER, 0.25 TO UNDER 0.6 PERCENT CARBON","RND WIRE IR/STL ZINC,PLT,GT 1.5MM,(0.25-0.6%) CARB",KG,,67815,15000,331222,2025,section232_core_steel,Proclamation 9705 core steel range 7216.99-7301.10
7217204580,721720,"ROUND WIRE, IRON OR NONALLOY STEEL, PLATED OR COATED WITH ZINC, 1.5mm OR MORE DIAMETER, 0.6 PRECENT OR MORE CARBON","ROUND WIRE,IR/STL,ZINC PLT,GT=1.5MM DI,GT=.6%CARB",KG,,67815,15000,331222,2025,section232_core_steel,Proclamation 9705 core steel range 7216.99-7301.10
7217206000,721720,"OTHER WIRE, IRON OR NONALLOY STELL, PLATED OR COATED WITH ZINC, LESS THAN 0.25 PERCENT CARBON","OTH WIRE IR/NALLOY STL,ZINC PLATED,LT 0.25%CARBN",KG,,67815,15000,331222,2025,section232_core_steel,Proclamation 9705 core steel range 7216.99-7301.10
7217207500,721720,"OTHER WIRE, IRON OR NONALLOY STEEL, PLATED OR COATED WITH ZINC, 0.25 PERCENT OR MORE CARBON","OTH WIRE IRON/NALY STEEL,ZINC PLTD,GT 0.25% CARBN",KG,,67815,15000,331222,2025,section232_core_steel,Proclamation 9705 core steel range 7216.99-7301.10
7217301530,721730,"FLAT WIRE, IRON OR NONALLOY STEEL, PLATED OR COATED WITH BASE METALS EXCLUDING ZINC, 0.6 PERCENT OR MORE CARBON","FLAT WIRE,IR/STL,PLT BASE MTL EX ZIN,GT=.6%CARBON",KG,,67815,15000,331222,2025,section232_core_steel,Proclamation 9705 core steel range 7216.99-7301.10
7217301560,721730,"FLAT WIRE, IRON OR NONALLOY STEEL, PLATED OR COATED WITH BASE METALS (EXLCUDING ZINC), LESS THAN 0.6 PERCENT CARBON","FLAT WIRE IR/STL,PLT BASE MTL EX ZINC,LT .6% CARB",KG,,67815,15000,331222,2025,section232_core_steel,Proclamation 9705 core steel range 7216.99-7301.10
7217303000,721730,"ROUND WIRE, IRON OR NONALLOY STEEL, PLATED OR COATED WITH BASE METAL EXCLUDING ZINC, 1.5MM AND OVER IN DIAMETER, UNDER 0.25 PERCENT CARBON","RND WIRE,IRN/STL PLT BSE MTL,GT=1.5MM,LT.25%CARBON",KG,,67815,15000,331222,2025,section232_core_steel,Proclamation 9705 core steel range 7216.99-7301.10
7217304504,721730,"ROUND WIRE, IRON OR NONALLOY STEEL, PLATED OR COATED WITH BASE METAL EXCLUDING ZINC, CONT BY WGT LESS THAN .20% CARBON, FOR ELECTRIC ARC WELDING","RND WIRE,IR/STL,PLT BASE MTL,< .20%CAR,ARC WELDING",KG,,67815,15000,331222,2025,section232_core_steel,Proclamation 9705 core steel range 7216.99-7301.10
7217304511,721730,"ROUND WIRE, IRON OR NONALLOY STEEL, PLATED OR COATED WITH BASE METAL EXCLUDING ZINC, LESS THAN 1.0MM DIAMETER, UNDER 0.25 PERCENT CARBON","RND WIRE,IR/STL,PLT BASE MTL,< 1MM,< .25%CARBON",KG,,67815,15000,331222,2025,section232_core_steel,Proclamation 9705 core steel range 7216.99-7301.10
7217304520,721730,"ROUND WIRE, IRON OR NONALLOY STEEL, PLATED OR COATED WITH BASE METALS EXCLUDING ZINC, UNDER 1.0MM DIAMETER, 0.25 BUT UNDER 0.6 PERCENT CARBON","RD WIRE IR/STL,BASE MTL PLT,LT 1MM,(.25-.6%CARBON)",KG,,67815,15000,331222,2025,section232_core_steel,Proclamation 9705 core steel range 7216.99-7301.10
7217304530,721730,"ROUND WIRE, IRON OR NONALLOY STEEL, PLATED OR COATED WITH BASE METALS EXCLUDING ZINC, UNDER 1.0mm DIAMETER, 0.6 PERCENT OR MORE CARBON","RND WR,IR/STL,PLT BASE MTL EX ZINC,GT 1MM,GT.6%CAR",KG,,67815,15000,331222,2025,section232_core_steel,Proclamation 9705 core steel range 7216.99-7301.10
7217304541,721730,"ROUND WIRE, IRON OR NONALLOY STEEL, PLATED OR COATED WITH BASE METAL EXCLUDING ZINC, 1.0MM TO UNDER 1.5MM DIAMETER, UNDER 0.25 PERCENT CARBON","RD WIRE IR/STL PLT BSE MTL,(1-1.5MM),< .25% CARB",KG,,67815,15000,331222,2025,section232_core_steel,Proclamation 9705 core steel range 7216.99-7301.10
7217304550,721730,"ROUND WIRE, IRON OR NONALLOY STEEL, PLATED OR COATED WITH BASE METALS EXCLUDING ZINC, 1.0 TO UNDER 1.5MM DIAMETER, 0.25 TO UNDER 0.6 PERCENT CARBON","RD WR IR/STL BSE MTL PLT (1.0-1.5MM), (.25-.6CRB)",KG,,67815,15000,331222,2025,section232_core_steel,Proclamation 9705 core steel range 7216.99-7301.10
7217304560,721730,"ROUND WIRE, IRON OR NONALLOY STEEL, PLATED OR COATED WITH BASE METALS EXCLUDING ZINC, 1.0mm-UNDER 1.5mm DIAMETER, 0.6 PERCENT OR MORE CARBON","RND WIRE IRN/STL,PLT BS MTL,(1.0-1.5M),GT .6%CARB",KG,,67815,15000,331222,2025,section232_core_steel,Proclamation 9705 core steel range 7216.99-7301.10
7217304590,721730,"ROUND WIRE, IRON OR NONALLOY STEEL, PLATED OR COATED WITH BASE METALS EXCLUDING  ZINC, 1.5MM OR MORE IN DIAMETER","RD WIRE IR/NALY STL,BSE MTL PLTD,GT=1.5MM DIAM",KG,,67815,15000,331222,2025,section232_core_steel,Proclamation 9705 core steel range 7216.99-7301.10
7217306000,721730,"OTHER WIRE, IRON OR NONALLOY STEEL, PLATED OR COATED WITH BASE METAL EXCLUDING ZINC, LESS THAN 0.25 PERCENT CARBON","OTH WIRE IR/STL,BASE MTL PLTED EX ZINC,LT .25%CARB",KG,,67815,15000,331222,2025,section232_core_steel,Proclamation 9705 core steel range 7216.99-7301.10
7217307500,721730,"OTHER WIRE, IRON OR NONALLOY STEEL, PLATED OR COATED WITH BASE METALS EXCLUDING ZINC, 0.25 PERCENT OR MORE CARBON","OTH WIRE IR/STL,BSE MTL PLTD EX ZINC,GT=.25% CARB",KG,,67815,15000,331222,2025,section232_core_steel,Proclamation 9705 core steel range 7216.99-7301.10
7217901000,721790,"WIRE, IRON OR NONALLOY STEEL, COATED WITH PLASTICS","WIRE IRON OR NONALLOY STEEL, COATED WITH PLASTICS",KG,,67819,15000,331222,2025,section232_core_steel,Proclamation 9705 core steel range 7216.99-7301.10
7217905030,721790,"WIRE, IRON OR NONALLOY STEEL, PLATED OR COATED, UNDER 0.25 PERCENT CARBON, NESOI","WIRE IRON/NALY STEEL,PLT/COATD,LT 0.25% CARB,NESOI",KG,,67819,15000,331222,2025,section232_core_steel,Proclamation 9705 core steel range 7216.99-7301.10
7217905060,721790,"WIRE, IRON OR NONALLOY STEEL, PLATED OR COATED NESOI, 0.25 TO UNDER 0.6 PERCENT CARBON","WIRE IRON/NALLY STEEL,PLT,(0.25-0.6%CARB),NESOI",KG,,67819,15000,331222,2025,section232_core_steel,Proclamation 9705 core steel range 7216.99-7301.10
7217905090,721790,"WIRE, IRON OR NONALLOY STEEL, PLATED OR COATED, 0.6 PERCENT OR MORE CARBON, NESOI","WIRE,IRON/NALLOY STEEL,PLTD/CTD,GT=0.6% CARB,NESOI",KG,,67819,15000,331222,2025,section232_core_steel,Proclamation 9705 core steel range 7216.99-7301.10
7218100000,721810,STAINLESS STEEL INGOTS AND OTHER PRIMARY FORMS,STAINLESS STEEL INGOTS AND OTHER PRIMARY FORMS,KG,,67247,14100,331110,2025,section232_core_steel,Proclamation 9705 core steel range 7216.99-7301.10
7218910015,721891,"SEMIFINISHED STAINLESS STEEL, RECTANGULAR (NOT SQUARE) CROSS-SECTION, WIDTH LESS THAN 4 TIMES THICKNESS, CROSS-SECTIONAL AREA LESS THAN 232 CM SQUARED","STAINLESS STEEL RECT, WDTH LT 4X THICK,LT 232 CM2",KG,,67281,14100,331110,2025,section232_core_steel,Proclamation 9705 core steel range 7216.99-7301.10
7218910030,721891,"SEMIFINISHED STAINLESS STEEL, RECTANGULAR (NOT SQUARE) CROSS-SECTION, WIDTH LESS THAN 4 TIMES THICKNESS, CROSS-SECTIONAL AREA OF 232 CM2 OR MORE","STAINLESS STEEL RECT,WDTH LT 4X THICK,GT=232 CM2",KG,,67281,14100,331110,2025,section232_core_steel,Proclamation 9705 core steel range 7216.99-7301.10
7218910060,721891,"SEMIFINISHED STAINLESS STEEL, RECTANGULAR (NOT SQUARE) CROSS-SECTION, WIDTH AT LEAST 4 TIMES THE THICKNESS","STAINLS STEEL RECTANG, WDTH AT LEAST 4X THICKNESS",KG,,67281,14100,331110,2025,section232_core_steel,Proclamation 9705 core steel range 7216.99-7301.10
7218990015,721899,"SEMIFINISHED STAINLESS STEEL, SQUARE CROSS-SECTION, CROSS-SECTIONAL AREA LESS THAN 232 CM SQUARED",STAINLESS STL SQUARE X-SECTIONAL AREA LT 232CM2,KG,,67281,14100,331110,2025,section232_core_steel,Proclamation 9705 core steel range 7216.99-7301.10
7218990030,721899,"SEMIFINISHED STAINLESS STEEL, SQUARE CROSS-SECTION, CROSS-SECTIONAL AREA OF 232 CM SQUARED OR MORE","STAIN STEEL,SQUARE CROSS SEC,CROSS SEC GT=232 CM2",KG,,67281,14100,331110,2025,section232_core_steel,Proclamation 9705 core steel range 7216.99-7301.10
7218990045,721899,"SEMIFINISHED STAINLESS STEEL, CIRCULAR CROSS-SECTION, CROSS-SECTIONAL AREA LESS THAN 232 CM SQUARED","STAINLESS STEEL,CIRC CROSS-SEC, AREA LT 232 CM2",KG,,67281,14100,331110,2025,section232_core_steel,Proclamation 9705 core steel range 7216.99-7301.10
7218990060,721899,"SEMIFINISHED STAINLESS STEEL, CIRCULAR CROSS-SECTION,CROSS-SECTIONAL AREA OF 232 CM SQU ARED OR MORE","STAINLS STEEL,CIRC CROSS-SEC,AREA GT=232 CM2",KG,,67281,14100,331110,2025,section232_core_steel,Proclamation 9705 core steel range 7216.99-7301.10
7218990090,721899,"SEMIFINISHED PRODUCTS OF STAINLESS STEEL, NESOI","SEMIFINISHED PRODUCTS OF STAINLESS STEEL, NESOI",KG,,67281,14100,331110,2025,section232_core_steel,Proclamation 9705 core steel range 7216.99-7301.10
7219110030,721911,"FLAT-ROLLED STAINLESS STEEL NOT FURTHER WORKED THAN HOT-ROLLED, IN COILS; OF A WIDTH NOT EXCEEDING 1575mm",FLAT RLD STAINLS STEEL;HOT ROLLED;WIDTH LT 1575MM,KG,,67531,14100,331110,2025,section232_core_steel,Proclamation 9705 core steel range 7216.99-7301.10
7219110060,721911,"FLAT-ROLLED STAINLESS STEEL NOT FURTHER WORKED THAN HOT-ROLLED, IN COILS; OF A WIDTH EXCEEDING 1575mm",FLAT RLD STAINLESS STEEL;HOT ROLLED;WID GT 1575MM,KG,,67531,14100,331110,2025,section232_core_steel,Proclamation 9705 core steel range 7216.99-7301.10
7219120002,721912,"FLAT-ROLLED STAINLESS STEEL COILS, OVER 600MM TO 1370MM WIDE, HOT-ROLLED, OVER 4.75MM TO 10MM THICK, NOT ANNEALED OR NOT PICKLED",FR SS  OV 600-1370MM W HR OV 4.75-10MM NA OR NP,KG,,67531,14100,331110,2025,section232_core_steel,Proclamation 9705 core steel range 7216.99-7301.10
7219120006,721912,"FLAT-ROLLED HIGH-NICKEL STAINLESS STEEL 600 MM WIDE OR MORE HOT ROLLED COILED 4.75MM NOT OVER 10MM THICK, NESOI, OF HIGH-NICKEL ALLOY STEEL",FR H-N SS 600MM AO W HR CL 4.75 NO 10MM TH NESOI,KG,,67531,14100,331110,2025,section232_core_steel,Proclamation 9705 core steel range 7216.99-7301.10
7219120021,721912,"FLAT-ROLLED STAINLESS STEEL, THICKNESS EXCEED 4.75MM BUT NOT 10MM, NESOI, NESOI,WIDTH OF 1370 OR MORE, THICKNESS EXCEED 6.8MM, WIDTH NOT EXCEED 1575MM",FLT RLD STN STL;TH EX 4.75MM 10MM WD NOT GT 1575MM,KG,,67531,14100,331110,2025,section232_core_steel,Proclamation 9705 core steel range 7216.99-7301.10
7219120026,721912,"FLAT-ROLLED STAINLESS STEEL; OTHER; OTHER,  OF A THICKNESS EXCEEDING 6.8mm; OF A WIDTH EXCEEDING 1575mm",FLT RLD STN STL;HOT RLD;THK GT 6.8MM;WID GT 1575MM,KG,,67531,14100,331110,2025,section232_core_steel,Proclamation 9705 core steel range 7216.99-7301.10
7219120051,721912,"FLAT-ROLLED STAINLESS STEEL HOT ROLLED, IN COILS, OF HIGH-NICKEL ALLOY STEEL; OTHER;OTHER, OF A WIDTH NOT EXCEEDING 1575mm",FLAT RLD STNLS STEEL;HOT ROLLED;OTH;WID LT 1575MM,KG,,67531,14100,331110,2025,section232_core_steel,Proclamation 9705 core steel range 7216.99-7301.10
7219120056,721912,"FLAT-ROLLED STAINLESS STEEL HOT ROLLED, IN COILS, OF HIGH-NICKEL ALLOY STEEL; OTHER; OTHER, OF A WIDTH EXCEEDING 1575mm",FLAT RLD STNLS STEEL;HOT ROLLED;OTH;WID GT 1575MM,KG,,67531,14100,331110,2025,section232_core_steel,Proclamation 9705 core steel range 7216.99-7301.10
7219120066,721912,"FLT-RLD STAINLESS STEEL COILS, OV 600 TO 1370MM WIDE, HOT-ROLLD, OV 4.75-UN 10MM THCK, OTHER, OTHER, OV 0.5-UN 24% NCKL, OV 1.5-UN 5% MOLYBDENUM",FRSS CLS OV 600-1370MM W HR OV 4.75-UN 10MM ETC,KG,,67531,14100,331110,2025,section232_core_steel,Proclamation 9705 core steel range 7216.99-7301.10
7219120071,721912,"FLAT-ROLLED STAINLESS STEEL COILS, OVER 600 TO 1370MM WIDE, HOT-ROLLED, OVER 4.75-UNDER 10MM THICK, OTHER, OTHER, OTHER, OVER 0.5-UNDER 24% NICKEL, MO",FR SS CL OV 600-1370MM W HR OV 4.75-UN 10MM ETC,KG,,67531,14100,331110,2025,section232_core_steel,Proclamation 9705 core steel range 7216.99-7301.10
7219120081,721912,"FLAT-ROLLED STAINLESS STEEL COILS, OVER 600MM TO 1370MM WIDE, HOT-ROLLED, OVER 4.75MM TO 10MM THICK,  OTHER",FR SS CLS OV 600-1370MM W HR OV 4.75-10MM THK NES,KG,,67531,14100,331110,2025,section232_core_steel,Proclamation 9705 core steel range 7216.99-7301.10
7219130002,721913,"FLT-ROLLD STAINLESS STEEL COILS 600MM, HOT-ROLLED, 3-UN 4.75MM THCK, NOT ANNEALED OR PICKLED",FR SS CLS 600MM W HR 3-UN 4.75MM THK ETC,KG,,67532,14100,331110,2025,section232_core_steel,Proclamation 9705 core steel range 7216.99-7301.10
7219130031,721913,"FLAT-ROLLED STAINLESS STEEL 1370MM WDE OR MORE HOT-ROLLED COILED 3 TO UNDER 4.75MM THICK, NESOI",FR SS  HR CL 3-UN 4.75MM THCK NESOI 1370 MM WD OM,KG,,67532,14100,331110,2025,section232_core_steel,Proclamation 9705 core steel range 7216.99-7301.10
7219130051,721913,"FLAT-ROLLED PRODUCTS OF STAINLESS STEEL, OF A WIDTH 600-1370MM, NOT FURTHER WORKED THAN HOT-ROLLED, IN COILS, THICKNESS 3-4.75MM, 0.5-24%NI, 1.5-5%MO",FR SS HR CL 3-4.75MMTH LT1370MMW .5-24%NI 1.5-5%MO,KG,,67532,14100,331110,2025,section232_core_steel,Proclamation 9705 core steel range 7216.99-7301.10
7219130071,721913,"FLAT-ROLLED PRODUCTS OF STAINLESS STEEL, OF A WIDTH 600-1370 MM, NOT FURTHER WORKED THAN HOT-ROLLED, IN COILS, THICKNESS 3-4.75 MM, 0.5-24% NI, NESOI",FR SS HR CL 3-4.75MMTHK LT1370MMWD 0.5-24%NI NESOI,KG,,67532,14100,331110,2025,section232_core_steel,Proclamation 9705 core steel range 7216.99-7301.10
7219130081,721913,"FLAT-ROLLED STAINLESS STEEL COILS,  OTHER, 600 BUT LESS THAN 1370MM WIDE, HOT-ROLLED, NICKEL CONTENT NESOI","FR SS CLS, OTH, 600-UN 1370 MM W HR NCKL CONTNT N",KG,,67532,14100,331110,2025,section232_core_steel,Proclamation 9705 core steel range 7216.99-7301.10
7219140030,721914,FLAT-ROLLED STAINLESS STEEL 1370MM WDE OR MORE HOT-ROLLED COILED LESS THAN 3MM THICK,FR SS 1370MM AO W HR CLS UN 3MM THCK,KG,,67533,14100,331110,2025,section232_core_steel,Proclamation 9705 core steel range 7216.99-7301.10
7219140065,721914,HI-NICKEL STAINLESS STL FLT-RLD 600-1370MM WIDE HR COILS UN 3MM THCK,HI-NICKEL SS FRLD 600-UN 1370 MM HR CLS UN 3MM THK,KG,,67533,14100,331110,2025,section232_core_steel,Proclamation 9705 core steel range 7216.99-7301.10
7219140090,721914,"STAINLESS STL FLAT-ROLLD 600-UN 1370MM WIDE HR COILS UN 3MM THK, OTHER","STNLS STL FR 600-UN 1370MM W HR CLS UN 3MM TH,OTHR",KG,,67533,14100,331110,2025,section232_core_steel,Proclamation 9705 core steel range 7216.99-7301.10
7219210005,721921,FLAT-ROLLED HIGH-NICKEL STAINLESS STEEL 600MM WIDE OR MORE HOT-ROLLED NOT COILED OVER 10MM THICK,FR HN SS 600MM AO W HR NT CLD OV 10MM THCK,KG,,67534,14100,331110,2025,section232_core_steel,Proclamation 9705 core steel range 7216.99-7301.10
7219210020,721921,"FLAT-ROLLED STAINLESS STEEL; HOT ROLLED, NOT IN COILS; OF A THICKNESS EXCEEDING 10mm; OF A WIDTH NOT EXCEEDING 1575mm",FLT RLD STNLS STL;HOT RLD;NOT COIL; WID LT 1575MM,KG,,67534,14100,331110,2025,section232_core_steel,Proclamation 9705 core steel range 7216.99-7301.10
7219210040,721921,"FLAT-ROLLED STAINLESS STEEL; HOT ROLLED, NOT IN COILS; OF A THICKNESS EXCEEDING 10mm; OF A WIDTH EXCCEEDING 1575mm BUT NOT EXCEEDING 1880mm",FLT RLD STNLS STL;HOT RLD;NOT COIL; 1575 LT 1880MM,KG,,67534,14100,331110,2025,section232_core_steel,Proclamation 9705 core steel range 7216.99-7301.10
7219210060,721921,"FLAT-ROLLED STAINLESS STEEL; HOT ROLLED, NOT IN COILS; OF A THICKNESS EXCEEDING 10mm; OF A WIDTH EXCEEDING 1880mm",FLT RLD STNLS STL;HOT RLD;NOT COIL; WID GT 1880MM,KG,,67534,14100,331110,2025,section232_core_steel,Proclamation 9705 core steel range 7216.99-7301.10
7219220005,721922,FLAT-ROLLED HIGH-NICKEL STAINLESS STEEL 600MM WIDE OR MORE HOT-ROLLED NOT COILED 4.75 OR MORE BUT NOT OVER 10MM THICK,FR H-N SS 600MM AO W HR NT CLD 4.75-NOV 10MM THCK,KG,,67534,14100,331110,2025,section232_core_steel,Proclamation 9705 core steel range 7216.99-7301.10
7219220015,721922,"FLAT-ROLLED STAINLESS STEEL; HOT-ROLLED; NOT COIL;OVER 1.5 PERCENT NICKEL, OVER 1.5 PERCENT BUT UNDER 5 PERCENT MOLYBDENUM; OF WIDTH NOT EXCEED 1575mm",FLT RLD STN STL;.5%NI;(1.5%-5%) MOLYBDNM LT 1575MM,KG,,67534,14100,331110,2025,section232_core_steel,Proclamation 9705 core steel range 7216.99-7301.10
7219220020,721922,"FLAT-ROLLED STAINLESS STEEL; HOT-ROLLED; NOT COIL;OVER 1.5 PERCENT NICKEL, OVER 1.5 PERCENT BUT UNDER 5 PERCENT MOLYBDENUM; OF WIDTH 1575 LT 1880MM",FLAT RLD;STNLS STL;.5%NI;1.5%-5% MOLY;1575-1880MM,KG,,67534,14100,331110,2025,section232_core_steel,Proclamation 9705 core steel range 7216.99-7301.10
7219220025,721922,"FLAT-ROLLED STAINLESS STEEL; HOT-ROLLED; NOT COIL;OVER 1.5 PERCENT NICKEL, OVER 1.5 PERCENT BUT UNDER 5 PERCENT MOLYBDENUM; OF WIDTH EXCEEDING 1880mm",FLT RLD STN STL;.5% NI;(1.5%-5% MOLY);GT 1880MM,KG,,67534,14100,331110,2025,section232_core_steel,Proclamation 9705 core steel range 7216.99-7301.10
7219220035,721922,FLAT-ROLLED STAINLESS STEEL; HOT-ROLLED; NOT COILED; OVER 1.5 PERCENT NICKEL; OTHER; OF A WIDTH NOT EXCEEDING 1575 mm,FLAT ROLLED;STAINLESS STEEL;OTHER;WIDTH LT 1575MM,KG,,67534,14100,331110,2025,section232_core_steel,Proclamation 9705 core steel range 7216.99-7301.10
7219220040,721922,FLAT-ROLLED STAINLESS STEEL; HOT-ROLLED; NOT COILED; OVER 1.5 PERCENT NICKEL; OTHER; OF A WIDTH EXCEEDING 1575 mm BUT NOT EXCEEDING 1880 mm,FLAT ROLL;STAINLESS STEEL;OTHER;WID 1575 LT 1880MM,KG,,67534,14100,331110,2025,section232_core_steel,Proclamation 9705 core steel range 7216.99-7301.10
7219220045,721922,FLAT-ROLLED STAINLESS STEEL; HOT-ROLLED; NOT COILED; OVER 1.5 PERCENT NICKEL; OTHER; OF A WIDTH EXCEEDING 1880 mm,FLAT ROLL;STAINLESS STEEL;OTHER;WIDTH GT 1880MM,KG,,67534,14100,331110,2025,section232_core_steel,Proclamation 9705 core steel range 7216.99-7301.10
7219220070,721922,FLAT-ROLLED STAINLESS STEEL; HOT ROLLED; NOT IN COILS; OF A WIDTH NOT EXCEEDING 1575mm; OF A THICKNESS OF 4.75mm OR MORE BUT NOT EXCEEDING 10mm; NESOI,FLT RLD;STNLS STL;TH 4.75-10MM;WD LT 1575MM;NESOI,KG,,67534,14100,331110,2025,section232_core_steel,Proclamation 9705 core steel range 7216.99-7301.10
7219220075,721922,FLAT-ROLLED STAINLESS STEEL; HOT ROLLED; NOT IN COILS; OF A WIDTH EXCEEDING 1575 LT     1880 MM OF THICKNESS OF 4.75MM OR MORE BUT EXCEED 10MM; NESOI,FLT RLD;STNLS STL;4.75-10MMTHCK;WD 1575-1880;OTH,KG,,67534,14100,331110,2025,section232_core_steel,Proclamation 9705 core steel range 7216.99-7301.10
7219220080,721922,FLAT-ROLLED STAINLESS STEEL; HOT ROLLED; NOT IN COILS; OF A WIDTH EXCEEDING 1880mm; OF A THICKNESS OF 4.75mm OR MORE BUT NOT EXCEEDING 10mm; NESOI,FLT RLD;STNLS STL;THK 4.75-10MM;WD GT 1880MM;NESOI,KG,,67534,14100,331110,2025,section232_core_steel,Proclamation 9705 core steel range 7216.99-7301.10
7219230030,721923,FLAT-ROLLED STAINLESS STEEL 1370MM OR MORE WIDE HOT-ROLLED NOT COILED 3 TO UNDER 4.75MM THICK,FR SS 1370MM AO W HR NT CLD 3-UN 4.75MM THCK,KG,,67535,14100,331110,2025,section232_core_steel,Proclamation 9705 core steel range 7216.99-7301.10
7219230060,721923,FLAT-ROLLED STAINLESS STEEL 600 BUT LESS THAN 1370MM WIDE HOT-ROLLED NOT COILED 3 TO UNDER 4.75MM THICK,FR SS 600 LS THN 1370MM W HR NT CLD 3-UN 4.75MM TK,KG,,67535,14100,331110,2025,section232_core_steel,Proclamation 9705 core steel range 7216.99-7301.10
7219240030,721924,FLAT-ROLLED STAINLESS STEEL 1370 MM OR MORE WIDE HOT-ROLLED NOT COILED LESS THAN 3MM THICK,FR SS 1370MM AO W HR NT CLD UNDR 3MM THCK,KG,,67536,14100,331110,2025,section232_core_steel,Proclamation 9705 core steel range 7216.99-7301.10
7219240060,721924,FLAT-ROLLED STAINLESS STEEL 600MM BUT LESS THAN 1370 MM WIDE HOT-ROLLED NOT COILED LESS THAN 3MM THICK,FR SS 600 LS THN 1370MM W HR NT CLD UNDR 3MM TH,KG,,67536,14100,331110,2025,section232_core_steel,Proclamation 9705 core steel range 7216.99-7301.10
7219310010,721931,"FLAT-ROLLED STAINLESS STEEL 600MM WIDE OR MORE COLD-ROLLED, 4.75MM ORMORE THICK COILS",FR SS 600MM AO CR 4.75MM AO THCK COILS,KG,,67551,14100,331110,2025,section232_core_steel,Proclamation 9705 core steel range 7216.99-7301.10
7219310050,721931,"FLAT-ROLLED STAINLESS STEEL 600MM WIDE OR MORE COLD-ROLLED, 4.75MM ORMORE THICK NOT COILED",FR SS 600MM AO W CR 4.75MM AO THCK NT COILD,KG,,67551,14100,331110,2025,section232_core_steel,Proclamation 9705 core steel range 7216.99-7301.10
7219320005,721932,HI-NICKEL STAINLESS STL FR 1370MM OR MORE W CR 3-U4.75MM THK COILS,HI-NICKEL SS FR 1370MM AO CRLD 3-UN 4.75MM THK CLS,KG,,67552,14100,331110,2025,section232_core_steel,Proclamation 9705 core steel range 7216.99-7301.10
7219320020,721932,"FLAT-ROLLED STAINLESS STEEL COILS, 1370MM OR MORE WIDE, COLD-ROLLED, 3 TO UNDER 4.75MM THK, OVER 0.5 PERCENT NICKEL",FR SS CLS 1370MM AO W CR 3-UN 4.75MM THK OV 0.5% N,KG,,67552,14100,331110,2025,section232_core_steel,Proclamation 9705 core steel range 7216.99-7301.10
7219320025,721932,"FLAT-ROLLED STAINLESS STEEL COILS, 1370MM OR MORE WIDE, COLD-ROLLED, 3MM BUT LESS THAN 4.75MM THICK, NICKEL CONTENT NESOI",FR SS CLS 1370MM AO W CR 3-UN 4.75 THK NCKL NESOI,KG,,67552,14100,331110,2025,section232_core_steel,Proclamation 9705 core steel range 7216.99-7301.10
7219320035,721932,HI-NICKEL STAINLESS STL FR 600-UN 1370MM W CR 3-UN 4.75MM THK COILS,HI-NCKL SS FR 600-UN 1370MM CR 3-UN 4.75MM THK CLS,KG,,67552,14100,331110,2025,section232_core_steel,Proclamation 9705 core steel range 7216.99-7301.10
7219320036,721932,"FLAT-ROLLED STAINLESS STEEL COILS,600-UNDER 1370MM WIDE,COLD-ROLLED,3-UNDER 4.75MM THICK,OVER 0.5 PERCENT NICKEL,OVER 1.5 BUT UNDER 5 PERCENT MOLYBDEN","FR SS CLS 600-UN 1370MM W CR 3-UN 4.75MM THK, ETC",KG,,67552,14100,331110,2025,section232_core_steel,Proclamation 9705 core steel range 7216.99-7301.10
7219320038,721932,"FLAT-ROLLED STAINLESS STEEL COILS, 600-UNDER 1370MM WIDE, COLD-ROLLED,3-UNDER 4.75MM THICK, OVER 0.5 PERCENT NICKEL, MOLYBDENUM CONTENT NESOI","FR SS CLS 600-UN 1370MM W CR 3-UN 4.75MM THCK, ETC",KG,,67552,14100,331110,2025,section232_core_steel,Proclamation 9705 core steel range 7216.99-7301.10
7219320042,721932,"FLAT-ROLLED STAINLESS STEEL COILS, 600-UNDER 1370MM WIDE, COLD-ROLLED, 3-UNDER 4.75MM THICK, NICKEL CONTENT NESOI, LESS THAN 15 PERCENT CHROMIUM",OTHR SS FR 600-UN 1370MM CR 3-UN 4.75MM THK COILS,KG,,67552,14100,331110,2025,section232_core_steel,Proclamation 9705 core steel range 7216.99-7301.10
7219320044,721932,"FLAT-ROLLED STAINLESS STEEL COILS, 600MM TO UNDER 1370MM WIDE, COLD-ROLLED, 3MM BUT LESS THAN 4.75MM THICK, NICKEL CONTENT NESOI","FR SS CLS 600-UN 1370MM W CR 3-UN 4.75MM THK,OTHER",KG,,67552,14100,331110,2025,section232_core_steel,Proclamation 9705 core steel range 7216.99-7301.10
7219320045,721932,FLAT-ROLLED STAINLESS STEEL 1370MM OR MORE WIDE COLD-ROLLED 3 TO UNDER 4.75MM THCK NOT COILED,FR SS 1370MM AO W CR 3-UN 4.75MM THCK NT COILD,KG,,67552,14100,331110,2025,section232_core_steel,Proclamation 9705 core steel range 7216.99-7301.10
7219320060,721932,FLAT-ROLLED STAINLESS STEEL 600MM BUT LESS THAN 1370MM WIDE COLD-ROLLED 3 TO UNDER 4.75MM THCK NOT COILED,FR SS 600 LS THN 1370MM W CR 3-UN 4.75MM THCK NCLD,KG,,67552,14100,331110,2025,section232_core_steel,Proclamation 9705 core steel range 7216.99-7301.10
7219330005,721933,HIGH-NICKEL STAINLESS STEEL FR 1370MM OR MORE W CR 1-UN 3MM THK COILS,HI-NICKEL SS FR 1370 MM AO W CR 1-UN 3MM THK CLS,KG,,67553,14100,331110,2025,section232_core_steel,Proclamation 9705 core steel range 7216.99-7301.10
7219330020,721933,"FLAT-ROLLED STAINLESS STEEL COILS, 1370 MM OR MORE WIDE, COLD-ROLLED, OVER 1MM BUT LESS THAN 3MM THICK, MORE THAN 0.5 PERCENT NICKEL",FR SS CLS 1370 AO W CR OV 1-UN 3MM THCK OV 0.5% NK,KG,,67553,14100,331110,2025,section232_core_steel,Proclamation 9705 core steel range 7216.99-7301.10
7219330025,721933,"FLAT-ROLLED STAINLESS STEEL COILS, 1370MM OR MORE WIDE, COLD-ROLLED, OVER 1 MM BUT LESS THAN 3 MM THICK, NICKEL CONTENT NESOI",HI-NICKEL SS FR 1370MM AO W CR 1-UN 3MM THCK COILS,KG,,67553,14100,331110,2025,section232_core_steel,Proclamation 9705 core steel range 7216.99-7301.10
7219330035,721933,HIGH-NICKEL STAINLESS STEEL FR 600-UN 1370MM W CR 1-UN 3MM THK COILS,HI-NICKEL SS FR 600-UN 1370MM CR 1-UN 3MM THK CLS,KG,,67553,14100,331110,2025,section232_core_steel,Proclamation 9705 core steel range 7216.99-7301.10
7219330036,721933,"FLAT-ROLLED STAINLESS STEEL COILS, 600-UNDER 1370MM WIDE, COLD-ROLLED, OVER 1MM-UNDER 3MM THICK, OVER 0.5% NICKEL, OVER 1.5-UNDER 5 PERCENT MOLYBDENUM","OTH SS 600 COILS,MOLYBDENUM (1.5%-5%)",KG,,67553,14100,331110,2025,section232_core_steel,Proclamation 9705 core steel range 7216.99-7301.10
7219330038,721933,"FLAT-ROLLED PROD OF STAINLS STL, OF A WIDTH 600-1370MM, NOT FURTHER WORKED THAN COLD-ROLLED (COLD-REDUCED), IN COILS, THICKNESS 1-3MM, GT0.5%NI, NESOI",FR SS CLD-R CLS 1-3MMTHK LT1370MMWD GT0.5%NI NESOI,KG,,67553,14100,331110,2025,section232_core_steel,Proclamation 9705 core steel range 7216.99-7301.10
7219330042,721933,"FLAT-ROLLED STAINLESS STEEL COILS, 600-UNDER 1370 MM WIDE, COLD-ROLLED, OVER 1MM-UNDER 3MM THICK, LESS THAN 15 PERCENT CHROMIUM","FR SS CLS 600-UN 1370MM W CR OV 1-UN 3MM THK, ETC",KG,,67553,14100,331110,2025,section232_core_steel,Proclamation 9705 core steel range 7216.99-7301.10
7219330044,721933,"FLAT-ROLLED PROD OF STAINLS STL, OF A WIDTH 600-1370MM, NOT FURTHER WORKED THAN COLD-ROLLED (COLD-REDUCED), IN COILS, THICKNESS 1-3MM, LT=.5%NI, NESOI",FR SS CLD-R CLS 1-3MMTHK LT1370MMWD LT=.5%NI NESOI,KG,,67553,14100,331110,2025,section232_core_steel,Proclamation 9705 core steel range 7216.99-7301.10
7219330045,721933,FLAT-ROLLED STAINLESS STEEL 1370MM OR MORE WIDE COLD-ROLLED 1 TO UNDER 3MM THICK NOT COILED,FR SS 1370MM AO W CR 1-UN 3MM THCK NT COILED,KG,,67553,14100,331110,2025,section232_core_steel,Proclamation 9705 core steel range 7216.99-7301.10
7219330070,721933,"FLAT-ROLLED STAINLESS STEEL,600MM BUT LESS THAN 1370MM WIDE,COLD-ROLLED,OVER 1MM BUT UNDER 3 MM THICK, NOT COILS, OVER 0.5 BUT UNDER 24 PERCENT NICKEL","FR SS 600-UN 1370 W CR OV 1-UN 3MM TH, NT CLS, NES",KG,,67553,14100,331110,2025,section232_core_steel,Proclamation 9705 core steel range 7216.99-7301.10
7219330080,721933,"FLAT-ROLLED STAINLESS STEEL, 600MM BUT LESS THAN 1370MM WIDE, COLD-ROLLED, OVER 1MM BUT UNDER 3MM THICK, NOT COILS, NESOI",FR SS 600-UN 1370MM W CR NT CLS 1-UN 3MM THCK NES,KG,,67553,14100,331110,2025,section232_core_steel,Proclamation 9705 core steel range 7216.99-7301.10
7219340005,721934,HIGH-NICKEL FR STAINLESS STEEL 600MM OR MORE WIDE CR 0.5-1MM THK COILS,HI-NICKEL FR SS 600MM AO W CR 0.5-UN 1MM THK COILS,KG,,67554,14100,331110,2025,section232_core_steel,Proclamation 9705 core steel range 7216.99-7301.10
7219340020,721934,"FLAT-ROLLED STAINLESS STEEL COILS, 600MM OR MORE WIDE, COLD-ROLLED, 0.5-1MM THICK, OVER 5 PERCENT NICKEL, OVER 1.5-UNDER 5 PERCENT MOLYBDENUM","FR SS CLS 600MM,THK=0.5-1MM LT .5%NCKL,&(1.5-5%MB)",KG,,67554,14100,331110,2025,section232_core_steel,Proclamation 9705 core steel range 7216.99-7301.10
7219340025,721934,"FLAT-ROLLED STAINLESS STEEL COILS, 600MM OR MORE WIDE, COLD-ROLLED, 0.5MM TO 1MM THICK, MORE THAN 5 PERCENT NICKEL, MOLYBDENUM CONTENT NESOI","FR SS CLS 600MM THKNS= 0.5-1MM GT 0.5% NCKL,NESO",KG,,67554,14100,331110,2025,section232_core_steel,Proclamation 9705 core steel range 7216.99-7301.10
7219340030,721934,"FLAT-ROLLED STAINLESS STEEL COILS, 600MM OR MORE WIDE, COLD-ROLLED, 0.5MM TO 1MM THICK, UNDER 15 PERCENT CHROMIUM",FR SS CLS 600MM AO W CR 0.5-1MM TH UN 15% CHROMIUM,KG,,67554,14100,331110,2025,section232_core_steel,Proclamation 9705 core steel range 7216.99-7301.10
7219340035,721934,"FLAT-ROLLED STAINLESS STEEL COILS, 600MM OR MORE WIDE, COLD-ROLLED, 0.5MM TO 1MM THICK, NESOI","FR SS CLS 600MM AO W CR 0.5-1MM THCK, NESOI",KG,,67554,14100,331110,2025,section232_core_steel,Proclamation 9705 core steel range 7216.99-7301.10
7219340050,721934,FLAT-ROLLED STAINLESS STEEL 600MM OR MORE WIDE COLD-ROLLED 0.5 BUT NOT OVER 1MM THICK NOT COILED,FR SS 600MM AO W CR 0.5-NOV 1MM THCK NT COILED,KG,,67554,14100,331110,2025,section232_core_steel,Proclamation 9705 core steel range 7216.99-7301.10
7219350005,721935,"FLAT-ROLLED STAINLESS STEEL COILS,600MM OR MORE WIDE,COLD-ROLLED,UNDER 0.5MM THICK,OVER 0.5-UNDER 24% NICKEL, OVER 1.5-UNDER 5% MOLYBDENUM",FR SS 600MM AO W CR UN 0.5MM TH OV 0.5-UN 24% NCKL,KG,,67555,14100,331110,2025,section232_core_steel,Proclamation 9705 core steel range 7216.99-7301.10
7219350015,721935,"FLAT-ROLLED STAINLESS STEEL COILS,600MM OR MORE WIDE,COLD-ROLLED,LESS THAN 0.5MM THICK,OVER 0.5 PERCENT TO UN 24% NICKEL, MOLYBDENUM CONTNT NESOI",FR SS 600MM AO W CR UN 0.5MM THK OV 0.5-24% NCKL,KG,,67555,14100,331110,2025,section232_core_steel,Proclamation 9705 core steel range 7216.99-7301.10
7219350030,721935,"FLAT-ROLLED STAINLESS STEEL COILS, 600MM OR MORE WIDE, COLD-ROLLED, LESS THAN 0.5MM THICK, NICKEL CONTENT NESOI, LESS THAN 15 PERCENT CHROMIUM",FR SS 600MM AO W CR UN 0.5MM THCK UN 15% CHROMIUM,KG,,67555,14100,331110,2025,section232_core_steel,Proclamation 9705 core steel range 7216.99-7301.10
7219350035,721935,"FLAT-ROLLED STAINLESS STEEL COILS, 600MM OR MORE WIDE, COLD-ROLLED, LESS THAN 0.5MM THICK, NICKEL CONTENT NESOI, NESOI",FR SS CLS 600MM AO W CR UN 0.5MM TH NESOI,KG,,67555,14100,331110,2025,section232_core_steel,Proclamation 9705 core steel range 7216.99-7301.10
7219350050,721935,FLAT-ROLLED STAINLESS STEEL 600MM OR MORE WIDE COLD-ROLLED LESS THAN  0.5MM THICK NT COILED,FR SS 600MM AO W CR LS THN 0.5MM THCK NT COILD,KG,,67555,14100,331110,2025,section232_core_steel,Proclamation 9705 core steel range 7216.99-7301.10
7219900010,721990,"HIGH-NICKEL STAINLESS STEEL FLAT-ROLLED 600MM OR MORE WIDE, NESOI",HIGH-NICKEL STAINLESS STEELS FR 600M OR MORE NESOI,KG,,67571,14100,331110,2025,section232_core_steel,Proclamation 9705 core steel range 7216.99-7301.10
7219900020,721990,"OTHER FLAT-ROLLED STAINLESS STEEL, 600MM OR MORE WIDE, OVER 0.5 PERCENT NICKEL, OVER 1.5 BUT UNDER 5 PERCENT MOLYBDENUM",OTH FR SS 600MM AO W OV 0.5% NKL OV 1.5-UN 5% MOLY,KG,,67571,14100,331110,2025,section232_core_steel,Proclamation 9705 core steel range 7216.99-7301.10
7219900025,721990,"OTHER FLAT-ROLLED STAINLESS STEEL, 600MM OR MORE WIDE, OVER 0.5 PERCENT NICKEL, NESOI","OTHR FR STNLS STL 600MM AO WIDE, OV 0.5% NCKL NES",KG,,67571,14100,331110,2025,section232_core_steel,Proclamation 9705 core steel range 7216.99-7301.10
7219900060,721990,"OTHER FLAT-ROLLED STAINLESS STEEL, 600MM OR MORE WIDE, 0.5 PERCENT OR LESS NICKEL, UNDER 15 PERCENT CHROMIUM","OTH FR STNLS STL 600MM AO W 0.5% OR LSS NKL, ETC",KG,,67571,14100,331110,2025,section232_core_steel,Proclamation 9705 core steel range 7216.99-7301.10
7219900080,721990,"OTHER FLAT-ROLLED STAINLESS STEEL, 600MM OR MORE WIDE, NESOI","OTHR FR STNLS STL 600MM OR MORE WIDE, NESOI",KG,,67571,14100,331110,2025,section232_core_steel,Proclamation 9705 core steel range 7216.99-7301.10
7220110000,722011,"FLAT-ROLLED, STAINLESS STEEL, LESS THAN 600MM WIDE, HOT ROLLED, 4.75MM OR MORE THICK","FLT-RLD,STNLS STL, LT 600MM, HT-RLD GT/=4.75MM THK",KG,,67537,14100,331110,2025,section232_core_steel,Proclamation 9705 core steel range 7216.99-7301.10
7220121000,722012,FLAT-ROLLED STAINLESS STEEL 300 TO UNDER 600MM WIDE HOT-ROLLED UNDER 4.75MM THICK,FR SS 300 TO UNDR 600MM W HR UNDR 4.75MM THCK,KG,,67538,14100,331110,2025,section232_core_steel,Proclamation 9705 core steel range 7216.99-7301.10
7220125000,722012,FLAT-ROLLED STAINLESS STEEL LESS THAN 300MM WIDE HOT-ROLLED UNDER 4.75MM THICK,FR SS LS THN 300MM W HR UNDR 4.75MM THCK,KG,,67538,14100,331110,2025,section232_core_steel,Proclamation 9705 core steel range 7216.99-7301.10
7220201010,722020,"FLAT-ROLLED STAINLESS STEEL, 300MM TO UNDER 600MM WIDE, COLD-ROLLED, OVER 0.5 TO UNDER 24 PERCENT NICKEL, OVER 1.5 BUT UNDER 5 PERCENT MOLYBDENUM",FR SS 300-UN 600MM W CR OV 0.5-UN 24% NKL ETC,KG,,67556,14100,331110,2025,section232_core_steel,Proclamation 9705 core steel range 7216.99-7301.10
7220201015,722020,"FLAT-ROLLED STAINLESS STEEL, 300 TO UNDER 600MM WIDE, COLD-ROLLED, OVER 0.5 PERCENT BUT UNDER 24 PERCENT NICKEL, NESOI","FR SS 300 TO UNDR 600MM W CR OV 0.5-UN 24% NCK,NES",KG,,67556,14100,331110,2025,section232_core_steel,Proclamation 9705 core steel range 7216.99-7301.10
7220201060,722020,"FLAT-ROLLED STAINLESS STEEL, 300 TO UNDER 600MM WIDE, COLD-ROLLED, NICKEL CONTENT NESOI, UNDER 15 PERCENT CHROMIUM",FR SS 300-UN 600MM W CR NCKL NESOI UN 15% CHROMIUM,KG,,67556,14100,331110,2025,section232_core_steel,Proclamation 9705 core steel range 7216.99-7301.10
7220201080,722020,"FLAT-ROLLED STAINLESS STEEL, 300 TO UNDER 600MM WIDE, COLD-ROLLED, NESOI","FR STNLESS STL 300-UN 600MM WIDE, COLD-RLD, NESOI",KG,,67556,14100,331110,2025,section232_core_steel,Proclamation 9705 core steel range 7216.99-7301.10
7220206005,722020,"FLAT-ROLLED PRODUCTS OF STAINLESS STEEL OF A WIDTH LESS THAN 300MM NOT FURTHER WORKED THAN COLD-ROLLED, THICKNESS EXCEEDING 1.25MM, HIGH NICKEL ALLOY",FR SS WIDTH LS THN 300MM CR THKNS OV 1.25MM HI-NI,KG,,67556,14100,331110,2025,section232_core_steel,Proclamation 9705 core steel range 7216.99-7301.10
7220206010,722020,"FLAT-ROLLED STAINLESS STEEL, UNDER 300MM WIDE, COLD-ROLLED, OVER 1.25MM THICK, OVER 0.5 PERCENT NICKEL, OVER 1.5 BUT UNDER 5 PERCENT MOLYBDENUM","FR SS UN 300MM W CR OV 1.25MM TH OV 0.5% NCKL, ETC",KG,,67556,14100,331110,2025,section232_core_steel,Proclamation 9705 core steel range 7216.99-7301.10
7220206015,722020,"FLAT-ROLLED STAINLESS STEEL, UNDER 300MM WIDE, COLD-ROLLED, OVER 1.25MM THICK, OVER 0.5 PERCENT NICKEL, NESOI",FR SS UN 300MM W CR OV 1.25MM TH OV 0.5% NKL NESOI,KG,,67556,14100,331110,2025,section232_core_steel,Proclamation 9705 core steel range 7216.99-7301.10
7220206060,722020,"FLAT-ROLLED STAINLESS STEEL, UNDER 300MM WIDE, COLD-ROLLED, OVER 1.25MM THICK, 0.5 PERCENT OR LESS NICKEL, UNDER 15 PERCENT CHROMIUM",FR SS UN 300MM W CR OV 1.25 TH 0.5% OR UN NCKL ETC,KG,,67556,14100,331110,2025,section232_core_steel,Proclamation 9705 core steel range 7216.99-7301.10
7220206080,722020,"FLAT-ROLLED STAINLESS STEEL, UNDER 300MM WIDE, COLD-ROLLED, OVER 1.25MM THICK, NESOI","FR STNLSS STL UN 300MM W CR OV 1.25MM THCK, NESOI",KG,,67556,14100,331110,2025,section232_core_steel,Proclamation 9705 core steel range 7216.99-7301.10
7220207005,722020,"FLAT-ROLLED PRODUCTS OF STAINLESS STEEL, WIDTH LS THN 300MM NOT FURTHER WORKED THN COLD-ROLLED, THICKNESS OV .25MM BUT NT OV 1.25MM, HIGH NICKEL ALLOY",FR SS UN 300MM CR THKNS OV .25 NT OV 1.25MM HI-NI,KG,,67556,14100,331110,2025,section232_core_steel,Proclamation 9705 core steel range 7216.99-7301.10
7220207010,722020,"FLAT-ROLLED STAINLESS STEEL, UNDER 300MM WIDE, COLD-ROLLED, OVER 0.25-1.25MM THICK, OVER 0.5 PERCENT NICKEL, OV 1.5-UNDER 5 PERCENT MOLYBDENUM",FR SS UN 300MM W CR OV 0.25-1.25 TH OV 0.5% NK ETC,KG,,67556,14100,331110,2025,section232_core_steel,Proclamation 9705 core steel range 7216.99-7301.10
7220207015,722020,"FLAT-ROLLED STAINLESS STEEL, UNDER 300M,M WIDE, COLD-ROLLED, OVER 0.25MM TO 1.25MM THICK, OVER 0.5 PERCENT NICKEL, NESOI",FR SS UN 300MM W CR OV 0.25-1.25 TH OV 0.5 NKL ETC,KG,,67556,14100,331110,2025,section232_core_steel,Proclamation 9705 core steel range 7216.99-7301.10
7220207060,722020,"FLAT-ROLLED STAINLESS STEEL, UNDER 300MM WIDE, COLD-ROLLED, OVER 0.25-1.25MM THICK, 0.5 PERCENT OR LESS NICKEL, UNDER 15 PERCENT CHROMIUM","FR SS UN 300MM W CR OV 0.25-1.25 TH LOW NCKL, ETC",KG,,67556,14100,331110,2025,section232_core_steel,Proclamation 9705 core steel range 7216.99-7301.10
7220207080,722020,"FLAT-ROLLED STAINLESS STEEL UNDER 300MM WIDE, COLD-ROLLED, OVER 0.25MM BUT NOT OVER 1.25MM THICK, NESOI","FR SS UN 300MM W CR OV 0.25MM-1.25MM THK, NESOI",KG,,67556,14100,331110,2025,section232_core_steel,Proclamation 9705 core steel range 7216.99-7301.10
7220208000,722020,FLAT-ROLLED STAINLESS STEEL LESS THAN 300MM WIDE COLD-ROLLED RAZOR BLADE STEEL NOT OVER 0.25MM THICK,FR SS UN 300MM W CR RZR BLD STL NOV 0.25MM THCK,KG,,67556,14100,331110,2025,section232_core_steel,Proclamation 9705 core steel range 7216.99-7301.10
7220209030,722020,"FLAT-ROLLED STAINLESS STEEL, UNDER 300MM WIDE, COLD-ROLLED, NOT OVER 0.25MM THICK, OVER 0.5 BUT UNDER 24 PERCENT NICKEL, NESOI","FR SS UN 300MM W CR NOV 0.25 TH, OV.5-UN 24% N NES",KG,,67556,14100,331110,2025,section232_core_steel,Proclamation 9705 core steel range 7216.99-7301.10
7220209060,722020,"FLAT-ROLLED STAINLESS STEEL UNDER 300MM WIDE, COLD-ROLLED, NOT OVER 0.25MM THICK, NESOI","FR STNLSS STL UN 300MM W CR NOV 0.25MM THCK, NESOI",KG,,67556,14100,331110,2025,section232_core_steel,Proclamation 9705 core steel range 7216.99-7301.10
7220900010,722090,"OTHER FLAT-ROLLED STAINLESS STEEL, UNDER 600MM WIDE, OVER 0.5 PERCENT BUT UNDER 24 PERCENT NICKEL, OVER 1.5 BUT UNDER 5 PERCENT MOLYBDENUM","OTH FR STNLSS STL UN 600MM W OV .5-UN 24% NKL, ETC",KG,,67572,14100,331110,2025,section232_core_steel,Proclamation 9705 core steel range 7216.99-7301.10
7220900015,722090,"OTHER FLAT-ROLLED STAINLESS STEEL, UNDER 600MM WIDE, OVER 0.5 PERCENT BUT UNDER 24 PERCENT NICKEL, NESOI","OTH FR SS UN 600MM W OV .5-UN 24% NCKL, NESOI",KG,,67572,14100,331110,2025,section232_core_steel,Proclamation 9705 core steel range 7216.99-7301.10
7220900060,722090,"OTHER FLAT-ROLLED STAINLESS STEEL, UNDER 600MM WIDE, NICKEL CONTENT NESOI, LESS THAN 15 PERCENT CHROMIUM",OTH FR SS UN 600MM W NICKL NESOI UN 15% CHROMIUM,KG,,67572,14100,331110,2025,section232_core_steel,Proclamation 9705 core steel range 7216.99-7301.10
7220900080,722090,"OTHER FLAT-ROLLED STAINLESS STEEL, UNDER 600MM WIDE, NESOI",OTHR FLAT-ROLLD STNLESS STL UNDER 600MM WIDE NESOI,KG,,67572,14100,331110,2025,section232_core_steel,Proclamation 9705 core steel range 7216.99-7301.10
7221000005,722100,"STAINLESS STEEL BARS AND RODS, HOT-ROLLED, IN IRREGULAR WOUND COILS, OF HIGH NICKEL ALLOY STEEL",SS BARS/RODS HOT-ROLLED IN COILS OF HIGH NI ALLOY,KG,,67615,14100,331110,2025,section232_core_steel,Proclamation 9705 core steel range 7216.99-7301.10
7221000017,722100,"SS BARS RODS, HOT-ROLLED, IN IRREGULAR WOUND COILS, OTHER THAN HIGH NICKEL, CIRC XSECTION WITH DIAMETER LT 14MM,CONTAINING LT 8% BY WEIGHT NI","SS BARS/RODS COILS CIRC CS DIAM LT 14MM,LT8%WT NI",KG,,67615,14100,331110,2025,section232_core_steel,Proclamation 9705 core steel range 7216.99-7301.10
7221000018,722100,"SS BARS RODS,HOT-ROLLED,IN IRREGULAR WOUND COILS,OTHER THAN HIGH NICKEL,CIRCULAR XSECTION W DIAM LT 14MM,CONTAINING 8% OR MORE BUT LT 24% BY WEIGHT NI","SS BRS/RDS COLIS CIRC CS DIAM LT14MM,>=8%<24%WT NI",KG,,67615,14100,331110,2025,section232_core_steel,Proclamation 9705 core steel range 7216.99-7301.10
7221000030,722100,"STAINLESS STEEL BARS/RODS, HOT-ROLLED, IN IRREG WOUND COILS, OTHER THAN HIGH NICKEL, CIRCULAR CROSS SECTION WITH DIAM 14MM OR MORE BUT LESS THAN 19MM",SS BAR HR COIL CIRC CS OD 14MM AOV LS THN 19MM OTH,KG,,67615,14100,331110,2025,section232_core_steel,Proclamation 9705 core steel range 7216.99-7301.10
7221000045,722100,"STAINLESS STEEL BARS AND RODS, HOT-ROLLED, IN IRREGULAR WOUND COILS, OTHER THAN HIGH NICKEL ALLOY, CIRCULAR CROSS SECTION WITH DIAMETER 19MM OR MORE","SS BARS/RODS HR COILS CIRC CS DIAM 19MM AOV, OTHER",KG,,67615,14100,331110,2025,section232_core_steel,Proclamation 9705 core steel range 7216.99-7301.10
7221000075,722100,"STAINLESS STEEL BARS AND RODS, HOT-ROLLED, IN IRREGULAR WOUND COILS, OTHER THAN HIGH NICKEL ALLOY, OTHER THAN CIRCULAR CROSS SECTION","SS BARS/RODS HR IRREG WOUND COILS, OTHER, OTHER",KG,,67615,14100,331110,2025,section232_core_steel,Proclamation 9705 core steel range 7216.99-7301.10
7222110001,722211,"BARS AND RODS OF STAINLESS STEEL, ELECTROSLAG OR VACUUM ARC REMELTED, OF CIRCULAR CROSS-SECTION NOT FURTHER WORKED THAN HOT-ROLLED HOT-DRAWN ETC NESOI",BARS RODS SS ELECTROSLAG/VACUUM CIRC HOT WRK NESOI,KG,,67625,14100,331110,2025,section232_core_steel,Proclamation 9705 core steel range 7216.99-7301.10
7222110006,722211,"BARS AND RODS OF HIGH-NICKEL ALLOY STEEL, OF CIRCULAR CROSS-SECTION, NOT FURTHER WORKED THAN HOT-ROLLED, HOT-DRAWN OR EXTRUDED, NESOI",BARS RODS HI-NICKEL ALLOY STEEL CIRC HOT-WRK NESOI,KG,,67625,14100,331110,2025,section232_core_steel,Proclamation 9705 core steel range 7216.99-7301.10
7222110057,722211,"BARS AND RODS OF STAINLESS STEEL, LT 8% BY WEIGHT OF NICKEL, WTH A MAX CROSS-SECTION DIMENSN OF LT 152.4 MM, OF CIRCULAR CROSS SECTION, HOT-WORKED",BAR ROD SS LT 8% WT NIC CIR XSEC MX LT 152.4MM HOT,KG,,67625,14100,331110,2025,section232_core_steel,Proclamation 9705 core steel range 7216.99-7301.10
7222110059,722211,"BARS AND RODS OF STAINLESS STEEL, WITH A MAXIMUM CROSS-SECTIONAL DIMENSION OF LESS THAN 152.4 MM, OF CIRCULAR CROSS SECTION, HOT-WORKED, CONTAINING 8%","BR RD SS CIR XSEC MX LT 152.4MM HOTWRK>8<24%NI,NES",KG,,67625,14100,331110,2025,section232_core_steel,Proclamation 9705 core steel range 7216.99-7301.10
7222110082,722211,"BARS AND RODS OF STAINLESS STEEL, LT 8% BY WEIGHT OF NICKEL, WITH A MAX CROSS-SECTION DIMENSN OF 152.4 MM OR MORE, OF CIR CROSS-SECTION, HOT-WORK",BAR ROD SS LT 8% WT NIC CIR XSEC MX GT=152.4MM HOT,KG,,67625,14100,331110,2025,section232_core_steel,Proclamation 9705 core steel range 7216.99-7301.10
7222110084,722211,"BARS AND RODS OF STAINLESS STEEL, WITH A MAXIMUM CROSS-SECTIONAL DIMENSION OF 152.4 MM OR MORE, OF CIRCULAR CROSS-SECTION, HOT-WORKED, CONTAINING 8% O","BR RD SS CIR XSEC MX GT 152.4MM HOTWRK>8<24%NI,NES",KG,,67625,14100,331110,2025,section232_core_steel,Proclamation 9705 core steel range 7216.99-7301.10
7222190001,722219,"BARS AND RODS OF STAINLESS STEEL, ELECTROSLAG OR VACUUM ARC REMELTED, NOT FURTHER WORKED THAN HOT-ROLLED, HOT-DRAWN OR EXTRUDED, NESOI",BARS RODS SS ELECTROSLAG/VACUUM ARC HOT-WRKD NESOI,KG,,67625,14100,331110,2025,section232_core_steel,Proclamation 9705 core steel range 7216.99-7301.10
7222190006,722219,"BARS AND RODS OF HIGH-NICKEL ALLOY STEEL, NOT FURTHER WORKED THAN HOT-ROLLED, HOT-DRAWN OR EXTRUDED, NESOI",BARS RODS HIGH-NICKEL ALLOY STEEL HOT-WORKED NESOI,KG,,67625,14100,331110,2025,section232_core_steel,Proclamation 9705 core steel range 7216.99-7301.10
7222190052,722219,"BARS AND RODS OF STAINLESS STEEL, LT 8% BY WEIGHT OF NICKEL, NOT FURTHER WORKED THAN HOT-ROLLED, HOT-DRAWN OR EXTRUDED","BAR AND ROD OF SS, LT 8% BY WEIGHT NICKL, HOT-WORK",KG,,67625,14100,331110,2025,section232_core_steel,Proclamation 9705 core steel range 7216.99-7301.10
7222190054,722219,"BARS AND RODS OF STAINLESS STEEL, NOT FURTHER WORKED THAN HOT-ROLLED, HOT-DRAWN OR EXTRUDED, CONTAINING 8% OR MORE BUT LESS THAN 24% BY WEIGHT OF NICK","BAR ROD OF STAINLESS STEEL, HOT-WORKED >8<24%NI,NE",KG,,67625,14100,331110,2025,section232_core_steel,Proclamation 9705 core steel range 7216.99-7301.10
7222200001,722220,"BARS AND RODS OF STAINLESS STEEL, ELECTROSLAG OR VACUUM ARC REMELTED, NOT FURTHER WORKED THAN COLD-FORMED OR COLD-FINISHED",BARS RODS SS ELECTROSLAG/VACUUM ARC COLD-WORKED,KG,,67634,14100,331110,2025,section232_core_steel,Proclamation 9705 core steel range 7216.99-7301.10
7222200006,722220,"BARS AND RODS OF HIGH-NICKEL ALLOY STEEL, NOT FURTHER WORKED THAN COLD-FORMED OR COLD-FINISHED, NESOI",BARS RODS HIGH-NICKEL ALLOY STEEL COLD-WORKD NESOI,KG,,67634,14100,331110,2025,section232_core_steel,Proclamation 9705 core steel range 7216.99-7301.10
7222200041,722220,"BARS AND RODS OF STAINLS STEEL, LT 8% BY WEIGHT OF NICKEL, WITH A MAX CIRCULAR CROSS-SEC DIMENSN OF LT 18 MM, NOT FURTHR WORKD THAN COLD-FORMD OR COLD",BR RD SS LT8% WT NIC MAX CRCXSEC LT 18 MM CLD-WRKD,KG,,67634,14100,331110,2025,section232_core_steel,Proclamation 9705 core steel range 7216.99-7301.10
7222200043,722220,"BARS AND RODS OF STAINLESS STEEL, MORE THAN 8% BUT LESS THAN 24% BY WEIGHT OF NICKEL, WITH A MAX CIRCULAR CROSS-SECTIONAL DIMENSION OF LESS THAN 18 MM",BR RD SS MT8%LT24%WT NI MX CRCXSCTN LT18MM CLDWRKD,KG,,67634,14100,331110,2025,section232_core_steel,Proclamation 9705 core steel range 7216.99-7301.10
7222200062,722220,"BARS AND RODS OF STAINLS STEEL, LT 8% WEIGHT OF NICKL W/ MAX CIRCULAR CROSS-SEC DIM OF 18MM OR MORE BUT LT 152.4MM, NT FURTHR WORKD THAN COLD-FORMD OR",BR RD SS LT8% WT NI MX CRCXSEC 18-152.4MM COLD-WK,KG,,67634,14100,331110,2025,section232_core_steel,Proclamation 9705 core steel range 7216.99-7301.10
7222200064,722220,"BARS AND RODS OF STAINLS STEEL, MORE THAN 8% BUT LESS THAN 24% BY WEIGHT OF NICKEL,W/ A MAX CIRCULAR CROSS-SECT DIM OF 18MM OR MORE BUT LESS THAN 152.",BR RD SS MT8%LT24% NI MX CIRXSEC18-152.4MM CLDWRKD,KG,,67634,14100,331110,2025,section232_core_steel,Proclamation 9705 core steel range 7216.99-7301.10
7222200067,722220,"BARS AND RODS OF STAINLS STEEL, LT 8% BY WEIGHT NICKL, W/ A MAX CIRCULAR CROSS-SECTIN DIMEN OF 152.4 MM OR MORE NT FURTHR WORKD THAN COLD-FORMD OR COL",BR RD SS LT 8% WT NIC MX CRC XSC GT=152.4MM CLD-WK,KG,,67634,14100,331110,2025,section232_core_steel,Proclamation 9705 core steel range 7216.99-7301.10
7222200069,722220,"BARS AND RODS OF STAINLESS STEEL, MT 8% BUT LESS THAN 24% BY WEIGHT OF NICKEL, W/ A MAXIMUM CIRCULAR CROSS-SECTIONAL DIMENSION OF 152.4 MM OR MORE NOT","BR RD SS,MT8%LT24%WT NI MX CRCXSC GT152.4MM CLDWRK",KG,,67634,14100,331110,2025,section232_core_steel,Proclamation 9705 core steel range 7216.99-7301.10
7222200071,722220,"BARS AND RODS OF STAINLS STEEL, LT 8% BY WEIGHT NICKL, NOT FURTHR WORKD THAN COLD-FORMD OR COLD FINISHED","BRS/RDS SS,LT 8% WT NICK,NOT FRT WRKD CLD-FRMD/FIN",KG,,67634,14100,331110,2025,section232_core_steel,Proclamation 9705 core steel range 7216.99-7301.10
7222200073,722220,BARS AND RODS OF STAINLESS STEEL MT 8% BUT LT 24% BY WEIGHT OF NI W/ A MAXIMUM CIRCULAR CROSS-SECTIONAL DIMENSION OF 152.4 MM OR MORE NOT FURTHER WORK,BR RD SS MT8%LT24%NI MX CRCXS GT152.4MM CLDWRKD NE,KG,,67634,14100,331110,2025,section232_core_steel,Proclamation 9705 core steel range 7216.99-7301.10
7222300001,722230,"BARS AND RODS OF STAINLESS STEEL, ELECTROSLAG OR VACUUM ARC REMELTED, NESOI",BARS RODS STAINLS STL ELECTROSLAG/VACUUM ARC NESOI,KG,,67645,14100,331110,2025,section232_core_steel,Proclamation 9705 core steel range 7216.99-7301.10
7222300012,722230,"BARS AND RODS OF HIGH-NICKEL ALLOY STEEL, WITH A MAXIMUM CROSS-SECTIONAL DIMENSION OF 152.4 MM OR MORE",BAR ROD HIGH NIC ALY STEEL MX XSEC DIM GT=152.4 MM,KG,,67645,14100,331110,2025,section232_core_steel,Proclamation 9705 core steel range 7216.99-7301.10
7222300022,722230,"BARS AND RODS OF STAINLESS STEEL, LT 8% BY WEIGHT OF NICKEL, WITH A MAX CROSS-SECTION DIMENSION OF LESS THAN 152.4 MM",BARS RODS SS LT 8% WT NIC MAX XSEC DIM LT 152.4 MM,KG,,67645,14100,331110,2025,section232_core_steel,Proclamation 9705 core steel range 7216.99-7301.10
7222300024,722230,"BARS AND RODS OF STAINLESS STEEL, WITH A MAXIMUM CROSS-SECTIONAL DIMENSION OF LESS THAN 152.4 MM, CONTAINING 8% OR MORE BUT LESS THAN 24% BY WEIGHT OF","BR RD STNLS STL MX XSEC DIM LT152.4 MM>8<24%NI,NES",KG,,67645,14100,331110,2025,section232_core_steel,Proclamation 9705 core steel range 7216.99-7301.10
7222300082,722230,"BARS AND RODS OF STAINLESS STEEL, LT 8% BY WEIGHT OF NICKEL, WITH A MAXIMUM CROSS-SECTIONAL DIMENSION OF 152.4 MM OR MORE, NESOI",BAR ROD SS LT 8% WT NICKL MAX XSEC DIM GT=152.4 MM,KG,,67645,14100,331110,2025,section232_core_steel,Proclamation 9705 core steel range 7216.99-7301.10
7222300084,722230,"BARS AND RODS OF STAINLESS STEEL, WITH A MAXIMUM CROSS-SECTIONAL DIMENSION OF 152.4 MM OR MORE, CONTAINING 8% OR MORE BUT LESS THAN 24% BY WEIGHT OF N","BR RD STNLS STL MAX XSEC DIM GT152.4MM>8<24%NI,NES",KG,,67645,14100,331110,2025,section232_core_steel,Proclamation 9705 core steel range 7216.99-7301.10
7222403025,722240,"ANGLES STAINLESS STEEL HOT-ROLLED NOT DRILLED, PUNCHED OR OTHERWISE ADVANCED MAXIMUM CROSS-SECTION 80MM OR MORE",ANGLS SS HR N DRLD/PNCHD/OTHWS ADV MAX CS 80MM AO,KG,,67687,14100,331110,2025,section232_core_steel,Proclamation 9705 core steel range 7216.99-7301.10
7222403045,722240,"SHAPES AND SECTIONS OF STAINLESS STEEL, HOT-ROLLED, NOT DRILLED, PUNCHED OR OTHERWISE ADVANCED, WITH A MAXIMUM CROSS-SECTIONAL DIMENSION GT=80MM",SHPS SECS SS HR NT DLD/PCH/OTHWS ADV MX CS GT=80MM,KG,,67687,14100,331110,2025,section232_core_steel,Proclamation 9705 core steel range 7216.99-7301.10
7222403065,722240,"ANGLES STAINLESS STEEL HOT-ROLLED NOT DRILLED, PUNCHED OR OTHERWISE ADVANCED MAXIMUM CROSS-SECTION UNDER 80MM",ANGLS SS HR NT DRLD/PNCHD/OTHWS ADV MAX CS UN 80MM,KG,,67687,14100,331110,2025,section232_core_steel,Proclamation 9705 core steel range 7216.99-7301.10
7222403085,722240,"SHAPES AND SECTIONS STAINLESS STEEL HOT-ROLLED NOT DRILLED, PUNCHED OR OTHERWISE ADVANCED MAXIMUM CROSS-SECTION UNDER 80MM",SHPS SECS SS HR NT DLD/PCH/OTHWS ADV MX CS UN 80MM,KG,,67687,14100,331110,2025,section232_core_steel,Proclamation 9705 core steel range 7216.99-7301.10
7222406000,722240,ANGLES SHAPES AND SECTIONS STAINLESS STEEL NESOI,"ANGS SHPS SECS STAINLESS STEEL, NESOI",KG,,67687,14100,331110,2025,section232_core_steel,Proclamation 9705 core steel range 7216.99-7301.10
7223001005,722300,SPRING ROUND WIRE OF STAINLESS STEEL,SPRING ROUND WIRE OF STAINLESS STEEL,KG,,67821,15000,331222,2025,section232_core_steel,Proclamation 9705 core steel range 7216.99-7301.10
7223001016,722300,"WIRE, STAINLESS STEEL, ROUND, UNDER 0.25MM IN DIAMETER, NESOI","WIRE STAINLES STEEL ROUND UNDER 0.25MM DIAM, NESOI",KG,,67821,15000,331222,2025,section232_core_steel,Proclamation 9705 core steel range 7216.99-7301.10
7223001031,722300,"WIRE, STAINLESS STEEL, ROUND, 0.25 TO UNDER 0.76MM IN DIAMETER, NESOI","WIRE STAINLS STL ROUND 0.25-UNDR 0.76MM DIA, NESOI",KG,,67821,15000,331222,2025,section232_core_steel,Proclamation 9705 core steel range 7216.99-7301.10
7223001046,722300,"WIRE, STAINLESS STEEL, ROUND, 0.76 TO UNDER 1.52MM IN DIAMETER, NESOI","WIRE STAINLS STL ROUND 0.76-UNDR 1.52MM DIA, NESOI",KG,,67821,15000,331222,2025,section232_core_steel,Proclamation 9705 core steel range 7216.99-7301.10
7223001061,722300,"WIRE, STAINLESS STEEL, ROUND, 1.52 TO UNDER 5.1MM IN DIAMETER, NESOI","WIRE STAINLS STL ROUND 1.52-UNDR 5.1MM DIA, NESOI",KG,,67821,15000,331222,2025,section232_core_steel,Proclamation 9705 core steel range 7216.99-7301.10
7223001076,722300,"WIRE, STAINLESS STEEL, ROUND, 5.1MM OR MORE IN DIAMETER, NESOI","WIRE STAINLS STEEL ROUND 5.1MM OR MORE DIAM, NESOI",KG,,67821,15000,331222,2025,section232_core_steel,Proclamation 9705 core steel range 7216.99-7301.10
7223005000,722300,WIRE STAINLESS STEEL FLAT,WIRE STAINLESS STEEL FLAT,KG,,67821,15000,331222,2025,section232_core_steel,Proclamation 9705 core steel range 7216.99-7301.10
7223009000,722300,WIRE STAINLESS STEEL OTHER THAN ROUND OR FLAT,WIRE STAINLESS STEEL OTHER THAN ROUND OR FLAT,KG,,67821,15000,331222,2025,section232_core_steel,Proclamation 9705 core steel range 7216.99-7301.10
7224100005,722410,INGOTS AND OTHER PRIMARY FORMS OF HIGH-NICKEL ALLOY STEEL,INGOTS A OTH PRIM FORMS OF HIGH-NICKEL ALLOY STEEL,KG,,67249,14100,331110,2025,section232_core_steel,Proclamation 9705 core steel range 7216.99-7301.10
7224100045,722410,"INGOTS AND OTHER PRIMARY FORMS OF TOOL STEEL, OTHER THAN OF HIGH NICKEL ALLOY STEEL",INGOTS AND OTHER PRIMARY FORMS OF TOOL STEEL,KG,,67249,14100,331110,2025,section232_core_steel,Proclamation 9705 core steel range 7216.99-7301.10
7224100075,722410,"INGOTS AND OTHER PRIMARY FORMS, OF OTHER ALLOY STEEL",INGOTS A OTHER PRIMARY FORMS OF OTHER ALLOY STEEL,KG,,67249,14100,331110,2025,section232_core_steel,Proclamation 9705 core steel range 7216.99-7301.10
7224900005,722490,SEMIFINISHED PRODUCTS OF OTHER HIGH-NICKEL ALLOY STEEL,SMFD PRODUCTS OF OTHER HIGH-NICKEL ALLOY STEEL,KG,,67282,14100,331110,2025,section232_core_steel,Proclamation 9705 core steel range 7216.99-7301.10
7224900015,722490,SEMIFINISHED PRODUCTS OF TOOL STEEL WITH RECTANGULAR OR SQUARE CROSS-SECTION HAVING A WIDTH LESS THAN 4 TIMES THE THICKNESS,"SMFSHD TOOL STL,REC/SQ CS,WIDTH LS THAN 4X THKNS",KG,,67282,14100,331110,2025,section232_core_steel,Proclamation 9705 core steel range 7216.99-7301.10
7224900025,722490,SEMIFINISHED PRODUCTS OF TOOL STEEL WITH RECTANGULAR OR SQUARE CROSS SECTION HAVING A WIDTH AT LEAST 4 TIMES THE THICKNESS,"SMFSHD TOOL STL, REC/SQ CS, WDTH AT LEAST 4X THKNS",KG,,67282,14100,331110,2025,section232_core_steel,Proclamation 9705 core steel range 7216.99-7301.10
7224900035,722490,SEMIFINISHED PRODUCTS OF TOOL STEEL OTHER THAN RECTANGULAR OR SQUARE CROSS SECTIONS,"SMFSHD TOOL STL, NOT RECT/SQUARE CROSS SECTIONS",KG,,67282,14100,331110,2025,section232_core_steel,Proclamation 9705 core steel range 7216.99-7301.10
7224900045,722490,"OTHER SEMIFINISHED ALLOY STEEL, NOT STAINLESS OR TOOL, RECTANGULAR OR SQUARE CROSS SECTION, WIDTH LESS THAN 4 TIMES THE THICKNESS","OTH SMF AL STL, WDTH UN 4X THKNS, RCT/SQ CS",KG,,67282,14100,331110,2025,section232_core_steel,Proclamation 9705 core steel range 7216.99-7301.10
7224900055,722490,"SEMIFINISHED ALLOY STEEL NOT STAINLESS OR TOOL, RECTANGULAR OR SQUARE CROSS-SECTION, WIDTH AT LEAST 4 TIMES THE THICKNESS","SMFD AL STL NT SS OR TS,REC/SQ,WIDTH 4X THKNS AOV",KG,,67282,14100,331110,2025,section232_core_steel,Proclamation 9705 core steel range 7216.99-7301.10
7224900065,722490,"SEMIFINISHED ALLOY STEEL NOT STAINLESS OR TOOL, HAVING A CIRCULAR CROSS-SECTION","SMFD ALLOY STEEL, NOT SS OR TOOL, CIRC CS",KG,,67282,14100,331110,2025,section232_core_steel,Proclamation 9705 core steel range 7216.99-7301.10
7224900075,722490,"SEMIFINISHED ALLOY STEEL, NOT STAINLESS OR TOOL, OTHER THAN RECTANGULAR, SQUARE OR CIRCULAR CROSS-SECTION","SMFD AL STL, NOT SS OR TOOL, NOT REC/SQ/CIRC CS",KG,,67282,14100,331110,2025,section232_core_steel,Proclamation 9705 core steel range 7216.99-7301.10
7225110000,722511,"FLAT-ROLLED PRODUCTS OF SILICON ELECTRICAL STEEL, OF A WIDTH OF 600MM OR MORE, GRAIN-ORIENTED","FLT-RLD,SILICON ELCTRCL STL,GRAIN ORIENT GT/=600MM",KG,,67511,15000,331110,2025,section232_core_steel,Proclamation 9705 core steel range 7216.99-7301.10
7225190000,722519,"FLAT-ROLLED PRODUCTS OF SILICON ELECTRICAL STEEL, OF A WIDTH OF 600MM OR MORE, NOT GRAIN ORIENTED","FLT-RLD,SLCN ELCTRCL STL,NT GRAIN-ORIENT,GT/=600MM",KG,,67511,15000,331110,2025,section232_core_steel,Proclamation 9705 core steel range 7216.99-7301.10
7225301110,722530,"HOTT-ROLLED PRODUCTS OF HIGH SPEED STEEL, OF A WIDTH OF 600MM OR MORE, OF A THICKNESS OF 4.75MM OR MORE, NOT FURTHER WORKED THAN HOT-ROLLED, IN COILS",HOT-ROL HI-SPD STEEL GT=600MM WIDE&4.75MM THK COIL,KG,,67541,15000,331110,2025,section232_core_steel,Proclamation 9705 core steel range 7216.99-7301.10
7225301180,722530,FLAT-ROLLED TOOL STEEL NOT HIGH-SPEED 600MM WIDE OR MORE HOT-ROLLED COILS 4.75MM OR MORE THICK,FR TS NT HSPD 600MM W AO HR CLS 4.75MM THCK AO,KG,,67541,14100,331110,2025,section232_core_steel,Proclamation 9705 core steel range 7216.99-7301.10
7225303005,722530,"FLAT-ROLLED PRODUCTS OF HIGH-NICKEL ALLOY STEEL, WIDTH 600MM AND OVER, HOT-ROLLED COILS, THICKNESS 4.75MM AND OVER","FR HI-NI AL ST,WTH 600MM AOV,HR CLS,4.75MM THICKOV",KG,,67541,14100,331110,2025,section232_core_steel,Proclamation 9705 core steel range 7216.99-7301.10
7225303050,722530,"FLAT-ROLLED OTHER ALLOY STEEL, 600MM WIDE OR MORE, HOT-ROLLED COILS, THICKNESS OF 4.75MM OR MORE","FR OTH AL STL,WDTH 600MM AOV,HR CLS,4.75MM THCK AO",KG,,67541,14100,331110,2025,section232_core_steel,Proclamation 9705 core steel range 7216.99-7301.10
7225305110,722530,"HOT-ROLLED PRODUCTS OF HIGH SPEED STEEL, OF A WIDTH OF 600MM OR MORE, OF A THICKNESS LESS THAN 4.75MM, NOT FURTHER WORKED THAN HOT-ROLLED, IN COILS",HOT-ROL HI-SPD STL GT=600MM WIDE LT4.75MM THK COIL,KG,,67541,15000,331110,2025,section232_core_steel,Proclamation 9705 core steel range 7216.99-7301.10
7225305180,722530,"FLAT-ROLLED TOOL STEEL 600MM WIDE OR MORE HOT-ROLLED COILS LESS THAN 4.75MM THICK, NESOI",FR TOOL STL 600MM W AO HR CLS UN 4.75MM THCK NESOI,KG,,67541,14100,331110,2025,section232_core_steel,Proclamation 9705 core steel range 7216.99-7301.10
7225307000,722530,FLAT-ROLLED OTHER ALLOY STEEL 600MM WIDE OR MORE HOT-ROLLED COILS LESS THAN 4.75MM THICK,FR OTH ALLOY STL 600MM W AO HR CLS UN 4.75MM THCK,KG,,67541,14100,331110,2025,section232_core_steel,Proclamation 9705 core steel range 7216.99-7301.10
7225401110,722540,"HOT-ROLLED PRODUCTS OF HIGH SPEED STEEL, OF A WIDTH OF 600MM OR MORE, OF A THICKNESS OF 4.75MM OR MORE, NOT FURTHER WORKED THAN HOT-ROLLED, NOT COILS",HOT-ROL HI-SPD STL GT=600MM WIDE&4.75MM THK NT CLS,KG,,67542,15000,331110,2025,section232_core_steel,Proclamation 9705 core steel range 7216.99-7301.10
7225401180,722540,"FLAT-ROLLED TOOL STEEL 600MM WIDE OR MORE HOT-ROLLED NOT COILED 4.75MM OR MORE THICK, NESOI",FR TOOL STL 600MM W AO HR NCL 4.75MM AO THCK NESOI,KG,,67542,14100,331110,2025,section232_core_steel,Proclamation 9705 core steel range 7216.99-7301.10
7225403005,722540,"FLAT-ROLLED OTHER HIGH-NICKEL ALLOY STEEL, WIDTH 600MM AND OVER, HOT-ROLLED NOT IN COILS, THICKNESS OF 4.75MM OR MORE","FR OTH HI-NI AL ST,W 600MM AOV,NCL,OV 4.75MM THICK",KG,,67542,14100,331110,2025,section232_core_steel,Proclamation 9705 core steel range 7216.99-7301.10
7225403050,722540,"FLAT-ROLLED PRODUCTS OF OTHER ALLOY STEEL, WIDTH 600MM OR MORE, HOT-ROLLED NOT COILED, THICKNESS OF 4.75MMOR MORE","FR OTH AL STL,WTH 600MM AOV,HR,NCL,OV 4.75MM THICK",KG,,67542,14100,331110,2025,section232_core_steel,Proclamation 9705 core steel range 7216.99-7301.10
7225405110,722540,"HOT-ROLLED PRODUCTS OF HIGH SPEED STEEL, OF A WIDTH OF 600MM OR MORE, OF A THICKNESS LESS THAN 4.75MM, NOT FURTHER WORKED THAN HOT-ROLLED, NOT COILS",HOT-ROL HI-SPD STL GT=600MM WID LT4.75MM THK NT CL,KG,,67542,15000,331110,2025,section232_core_steel,Proclamation 9705 core steel range 7216.99-7301.10
7225405130,722540,FLAT-ROLLED BALL-BEARING STEEL 600MM WIDE OR MORE HOT-ROLLED NOT COILED UNDER 4.75MM THICK,FR BL-BRG STL 600MM W AO HR NCL UN 4.75MM THCK,KG,,67542,14100,331110,2025,section232_core_steel,Proclamation 9705 core steel range 7216.99-7301.10
7225405160,722540,FLAT-ROLLED OTHER TOOL STEEL 600MM WIDE OR MORE HOT-ROLLED NOT COILED UNDER 4.75MM THICK,FR OTH TOOL STL 600MM W AO HR NCL UN 4.75MM THCK,KG,,67542,14100,331110,2025,section232_core_steel,Proclamation 9705 core steel range 7216.99-7301.10
7225407000,722540,FLAT-ROLLED OTHER ALLOY STEEL 600MM WIDE OR MORE HOT-ROLLED NOT COILED UNDER 4.75MM THICK,FR OTH ALLOY STL 600MM W AO HR NCL UN 4.75MM THCK,KG,,67542,14100,331110,2025,section232_core_steel,Proclamation 9705 core steel range 7216.99-7301.10
7225501110,722550,"COLD-ROLLED PRODUCTS OF HIGH SPEED STEEL, OF A WIDTH OF 600MM OR MORE",COLD-ROLLED PROD OF HIGH-SPEED STEEL GT=600MM WIDE,KG,,67561,15000,331110,2025,section232_core_steel,Proclamation 9705 core steel range 7216.99-7301.10
7225501130,722550,"FLAT-ROLLED PRODUCTS OF BALL-BEARING STEEL 600MM WIDE OR MORE, COLD-ROLLED",FLAT RLLD BALL BRNG STL 600MM WD AO CLD-RLLD,KG,,67561,14100,331110,2025,section232_core_steel,Proclamation 9705 core steel range 7216.99-7301.10
7225501160,722550,"FLAT-ROLLED TOOL STEEL NOT HIGH-SPEED NOT BALL-BEARING, 600MM WIDE OR MORE, COLD-ROLLED",FR TOOL STL NT HSPD NT BL-BRNG 600MM W AO CLD-ROLD,KG,,67561,14100,331110,2025,section232_core_steel,Proclamation 9705 core steel range 7216.99-7301.10
7225506000,722550,FLAT-ROLLD OTHR ALLOY STEEL 600MM WIDE AO COLD-RLLD 4.75MM AO THICK,FR OTH ALLOY STL 600MM W AO CR 4.75MM AO THCK,KG,,67561,14100,331110,2025,section232_core_steel,Proclamation 9705 core steel range 7216.99-7301.10
7225507000,722550,FLAT-ROLLED HEAT-RESISTING STEEL 600MM WIDE OR MORE COLD-ROLLED LESS THAN 4.75MM THICK,FR HT-RSSTNG STL 600MM W AO CR UN 4.75MM THCK,KG,,67561,14100,331110,2025,section232_core_steel,Proclamation 9705 core steel range 7216.99-7301.10
7225508010,722550,OTHER ALLOY STEEL FR HIGH-NICKEL 600MM OR MORE W CR UNDER 4.75 MM THCK,OTH ALLOY STL FR HI-NCKL 600MM AO CR UN 4.75MM THK,KG,,67561,14100,331110,2025,section232_core_steel,Proclamation 9705 core steel range 7216.99-7301.10
7225508080,722550,"FLAT-ROLLED ALLOY STEEL, 600MM WIDE OR MORE, LESS THAN 4.75MM THICK, NOT FURTHER WORKED THAN COLD-ROLLED, NOT TOOL, NOT HEAT-RESISTING, NOT HIGH-NICKE","FR CR ALLOY STL GT 600MM WIDE, LT 4.75MM THK NESOI",KG,,67561,14100,331110,2025,section232_core_steel,Proclamation 9705 core steel range 7216.99-7301.10
7225910000,722591,"FLAT-ROLLED PRODUCTS OF OTHER ALLOY STEEL, 600 MM OR MORE WIDE, ELECTROLYTICALLY PLATED OR COATED WITH ZINC, NESOI","FLT-RLD,ALY STL GT/=600MM W,ELCTLC PLT/CT ZN NESOI",KG,,67573,14100,331110,2025,section232_core_steel,Proclamation 9705 core steel range 7216.99-7301.10
7225920000,722592,"FLAT-ROLLED PRODUCTS OF OTHER ALLOY STEEL, 600 MM OR MORE WIDE, PLATED OR COATED WITH ZINC, NOT ELECTRTOLYTICALLY, NESOI","FLT-RLD,ALY STL GT/=600MM W,PLT/CT ZINC NT ELCT",KG,,67573,14100,331110,2025,section232_core_steel,Proclamation 9705 core steel range 7216.99-7301.10
7225990010,722599,"FLAT-ROLLED OF HIGH-NICKEL ALLOY STEEL, NOT STAINLESS STEEL, 600MM OR MORE IN WIDTH, NESOI",FR HI-NICKEL ALLOY STL NT STNL STL 600MM W OM NESO,KG,,67573,14100,331110,2025,section232_core_steel,Proclamation 9705 core steel range 7216.99-7301.10
7225990090,722599,"OTHER FLAT-ROLLED ALLOY STEEL, NOT STAINLESS STEEL, 600MM OR MORE WIDE, NESOI",FR ALLOY STEEL NT STAINL 600MM OR MORE WIDE NESOI,KG,,67573,14100,331110,2025,section232_core_steel,Proclamation 9705 core steel range 7216.99-7301.10
7226111000,722611,"FLAT-ROLLED PRODUCTS OF SILICON ELECTRICAL STEEL, GRAIN-ORIENTED, OF A WIDTH OF 300MM TO UNDER 600MM",FR SILICO ELECTRIC STL GRN-ORNTD WDTH 300-600MM W,KG,,67512,15100,331110,2025,section232_core_steel,Proclamation 9705 core steel range 7216.99-7301.10
7226119030,722611,"FLAT-ROLLED PRODUCTS OF SILICON ELECTRICAL STEEL, GRAIN-ORIENTED, OF A WIDTH OF LESS THAN 300MM, OF A THICKNESS NOT EXCEEDING 0.25MM",FR SILIC ELEC STL GRN-ORN LT 300MM W NOV .25MM THK,KG,,67512,15100,331110,2025,section232_core_steel,Proclamation 9705 core steel range 7216.99-7301.10
7226119060,722611,"FLAT-ROLLED PRODUCTS OF SILICON ELECTRICAL STEEL, GRAIN-ORIENTED, OF A WIDTH OF LESS THAN 300MM, OF A THICKNESS EXCEEDING 0.25MM",FR SILIC ELECT STL GRN-ORN LT 300MM GT 0.25MM THCK,KG,,67512,15100,331110,2025,section232_core_steel,Proclamation 9705 core steel range 7216.99-7301.10
7226191000,722619,"FLAT-ROLLED PRODUCTS OF SILICON ELECTRICAL STEEL, NOT GRAIN-ORIENTED, OF A WIDTH OF 300MM OR MORE, BUT LESS THAN 600MM",FR SILICO ELECTRIC STL NT GRN-ORNTD 300-600MM WIDE,KG,,67512,15100,331110,2025,section232_core_steel,Proclamation 9705 core steel range 7216.99-7301.10
7226199000,722619,"FLAT-ROLLED PRODUCTS OF SILICON ELECTRICAL STEEL, NOT GRAIN-ORIENTED, OF A WIDTH OF LESS THAN 300MM, OF A THICKNESS NOT EXCEEDING 0.25MM",FR SI ELEC STL NT GRN-ORN LT 300MM W NOV .25MM THK,KG,,67512,15100,331110,2025,section232_core_steel,Proclamation 9705 core steel range 7216.99-7301.10
7226200000,722620,"FLAT-ROLLED PRODUCTS OF HIGH-SPEED STEEL, LESS THAN 600MM WIDE","FLAT-ROLLED, HIGH-SPEED STEEL LESS THAN 600MM WIDE",KG,,67520,15000,331110,2025,section232_core_steel,Proclamation 9705 core steel range 7216.99-7301.10
7226910500,722691,FLAT-ROLLD CHIPPER KNIFE STEEL LESS THEN 600MM WIDE HOT-ROLLED,"FLT-RLLD CHIPPR KNFE STL LSS THN 600 MM WDE,HT RLD",KG,,67543,14100,331110,2025,section232_core_steel,Proclamation 9705 core steel range 7216.99-7301.10
7226911530,722691,FLAT-ROLLD BALL-BEARING STEEL 300 TO UNDER 600MM WIDE HOT-ROLLED,FR BLL-BRG STEEL 300-UN 600MM WIDE HOT-ROLLD,KG,,67543,14100,331110,2025,section232_core_steel,Proclamation 9705 core steel range 7216.99-7301.10
7226911560,722691,FLAT-ROLLED OTHER TOOL STEEL 300 TO UNDER 600MM WIDE HOT-ROLLED,FR OTH ALLOY STL 300-UN 600MM WD HOT-ROLLD,KG,,67543,14100,331110,2025,section232_core_steel,Proclamation 9705 core steel range 7216.99-7301.10
7226912530,722691,FLAT-ROLLED BALL-BEARING STEEL UNDER 300MM WIDE HOT-ROLLED,FR BLL-BRG STL UNDR 300MM WD HOT-ROLLD,KG,,67543,14100,331110,2025,section232_core_steel,Proclamation 9705 core steel range 7216.99-7301.10
7226912560,722691,FLAT-ROLLED OTHER TOOL STEEL UNDER 300MM WIDE HOT-ROLLED,FLT RLLD OTH ALLOY STL UNDR 300MM WD HOT-ROLLD,KG,,67543,14100,331110,2025,section232_core_steel,Proclamation 9705 core steel range 7216.99-7301.10
7226915000,722691,FLAT-ROLLED OTHER ALLOY STEEL UNDER 600MM WIDE HOT-ROLLED 4.75MM THICK OR MORE,FR OTH ALLOY STL U 600MM W HR 4.75MM AO THCK,KG,,67543,14100,331110,2025,section232_core_steel,Proclamation 9705 core steel range 7216.99-7301.10
7226917000,722691,FLAT-ROLLED OTHER ALLOY STEEL 300 TO UNDER 600MM WIDE HOT-ROLLED LESSTHAN 4.75 MM THICK,FR OTH ALLOY STL 300-UN600MM W HR UN 4.75MM THCK,KG,,67543,14100,331110,2025,section232_core_steel,Proclamation 9705 core steel range 7216.99-7301.10
7226918000,722691,FLAT-ROLLED OTHER ALLOY STEEL UNDER 300MM WIDE HOT-ROLLED LESS THAN 4.75MM THICK,FR OTH ALLOY STL UN 300MM W HR UN 4.75MM THCK,KG,,67543,14100,331110,2025,section232_core_steel,Proclamation 9705 core steel range 7216.99-7301.10
7226921030,722692,FLAT-ROLLED BALL-BEARING STEEL 300 TO UNDER 600MM WIDE COLD-ROLLED,FLAT-ROLLED BALL-BEARING STEEL 300-UN600MM W CR,KG,,67562,14100,331110,2025,section232_core_steel,Proclamation 9705 core steel range 7216.99-7301.10
7226921060,722692,FLAT-ROLLD OTHR TOOL STEEL 300 TO UNDR 600MM WIDE COLD-ROLLED,FR OTH TOOL STL 300-UN 600MM W CLD-RLLD,KG,,67562,14100,331110,2025,section232_core_steel,Proclamation 9705 core steel range 7216.99-7301.10
7226923030,722692,FLAT-ROLLED BALL-BEARING STEEL UNDER 300MM WIDE COLD-ROLLED,FLAT-ROLLED BALL-BEARING STEEL UN 300MM W CR,KG,,67562,14100,331110,2025,section232_core_steel,Proclamation 9705 core steel range 7216.99-7301.10
7226923060,722692,FLAT-ROLLED OTHER TOOL STEEL UNDER 300MM WIDE COLD-ROLLED,FLAT-ROLLED OTHER TOOL STEEL UN 300MM W CR,KG,,67562,14100,331110,2025,section232_core_steel,Proclamation 9705 core steel range 7216.99-7301.10
7226925000,722692,FLAT-ROLLED OTHER ALLOY STEEL 300 TO UNDER 600MM WIDE COLD-ROLLED,FLAT-ROLLED OTHER ALLOY STEEL 300-UN 600MM W CR,KG,,67562,14100,331110,2025,section232_core_steel,Proclamation 9705 core steel range 7216.99-7301.10
7226927005,722692,"FLAT-ROLLED PRODUCTS OF OTHER HIGH-NICKEL ALLOY STEEL UNDER 300MM WIDE, COLD-ROLLED, THICKNESS NOT EXCEEDING 0.25MM","FR OTH HI-NI AL ST,UN 300M W,CR,NT OV 0.25MM THICK",KG,,67562,14100,331110,2025,section232_core_steel,Proclamation 9705 core steel range 7216.99-7301.10
7226927050,722692,"FLAT-ROLLED OTHER ALLOY STEEL UNDER 300MM WIDE, COLD-ROLLED, NOT OVER 0.25MM THICK","FR OTH AL STL, UN 300M WIDE, CR, THKNS NT OV .25MM",KG,,67562,14100,331110,2025,section232_core_steel,Proclamation 9705 core steel range 7216.99-7301.10
7226928005,722692,"FLAT-ROLLED OTHER HIGH-NICKEL ALLOY STEEL UNDER 300MM WIDE, COLD ROLLED, THICKNESS EXCEEDING.25 MM","FR OTH HI-NI AL ST,UN 300MM WIDE,CR,THKNS OV .25MM",KG,,67562,14100,331110,2025,section232_core_steel,Proclamation 9705 core steel range 7216.99-7301.10
7226928050,722692,"FLAT-ROLLED OTHER ALLOY STEEL, COLD-ROLLED, UNDER 300MM WIDE, OVER .25 MM THICK","FR OTH AL STL,CR,UN 300MM WIDE, OV .25MM THICK",KG,,67562,14100,331110,2025,section232_core_steel,Proclamation 9705 core steel range 7216.99-7301.10
7226990110,722699,"FLAT-ROLLED PRODUCTS OF OTHER ALLOY STEEL, LESS THAN 600MM WIDE, ELECTROLYTICALLY PLATED OR COATED WITH ZINC","FLT-RLD,ALY STL LT 600MM ELCTRLYTLY PLT/CT W/ZINC",KG,,67574,14100,331110,2025,section232_core_steel,Proclamation 9705 core steel range 7216.99-7301.10
7226990130,722699,"FLAT-ROLLED PRODUCTS, OF OTHER ALLOY STEEL, OTHERWISE PLATED OR COATED WITH ZINC, OF A WIDTH LESS THAN 600 MM, NESOI","FLT-RLD,ALLY STL,LT 600MM,PLTD/CTD W/ZINC NT ELCTR",KG,,67574,14100,331110,2025,section232_core_steel,Proclamation 9705 core steel range 7216.99-7301.10
7226990180,722699,"FLAT-ROLLED PRODUCTS OF OTHER ALLOY STEEL, OF A WIDTH LESS THAN 600 MM WIDE, NESOI","FLAT-ROLLED PROD ALLOY STEEL, LT 600MM WIDE NESOI",KG,,67574,14100,331110,2025,section232_core_steel,Proclamation 9705 core steel range 7216.99-7301.10
7227100000,722710,"BARS AND RODS OF HIGH-SPEED STEEL, IN IRREGULAR WOUND COILS, HOT-ROLLED","BARS & RODS, HIGH-SPEED STEEL,IRREG COILS,HOT-ROLL",KG,,67617,15000,331110,2025,section232_core_steel,Proclamation 9705 core steel range 7216.99-7301.10
7227200030,722720,"BARS AND RODS OF WELDING QUALITY WIRE ROD AS DEFINED IN STAT NOTE 6 TO CHAPTER 72, OF SILICO-MANGANESE STEEL, HOT-ROLLED, IN IRREGULARLY WOUND COILS",BARS/RODS WELD QUAL WIRE ROD SIL-MNG STL HT-RL IRR,KG,,67619,15000,331110,2025,section232_core_steel,Proclamation 9705 core steel range 7216.99-7301.10
7227200080,722720,"BARS AND RODS OF SILICO-MANGANESE STEEL, HOT-ROLLED, IN IRREGULARLY WOUND COILS, NESOI",BARS/RODS SILICO-MANGNS STL HT-ROL IRR COILS NESOI,KG,,67619,15000,331110,2025,section232_core_steel,Proclamation 9705 core steel range 7216.99-7301.10
7227901030,722790,"BARS AND RODS BALL-BEARING STEEL IRREGULAR COILS NOT TEMPERED, TREATED OR PARTLY MANUFACTURED HOT-ROLLED",BRS RDS BLL-BRG STL IRG CLS HR N TMD/TTD/PTLY MFTD,KG,,67619,14100,331110,2025,section232_core_steel,Proclamation 9705 core steel range 7216.99-7301.10
7227901060,722790,"BARS AND RODS OTHER TOOL STEEL IRREGULAR COILS NOT TEMPERED, TREATED OR PARTLY MANUFACTURED HOT-ROLLED",BRS RDS OTH TS IRRG CLS HR N TMPD/TTD/PTLY MNFRD,KG,,67619,14100,331110,2025,section232_core_steel,Proclamation 9705 core steel range 7216.99-7301.10
7227902030,722790,"BARS AND RODS BALL-BEARING STEEL IRREGULAR COILS HOT-ROLLED OTHER    MPERED, TREATED OR PARTLY MANUFACTURED)",BRS RDS BLL-BRG STL IRRG COILS HR OTHER,KG,,67619,14100,331110,2025,section232_core_steel,Proclamation 9705 core steel range 7216.99-7301.10
7227902060,722790,"BARS AND RODS OTHER TOOL STEEL IRREGULAR COILS HOT-ROLLED OTHER (TMP)ERED, TREATED OR PARTLY MANUFACTURED)",BRS RDS OTH TOOL STL IRRG COILS HR OTHER,KG,,67619,14100,331110,2025,section232_core_steel,Proclamation 9705 core steel range 7216.99-7301.10
7227906005,722790,"BARS AND RODS OF OTHER HIGH-NICKEL ALLOY STEEL IN IRREGULAR WOUND COILS, HOT-ROLLED","BARS/RODS OTHER HI-NI AL STL, IRREG COILS, HR",KG,,67619,14100,331110,2025,section232_core_steel,Proclamation 9705 core steel range 7216.99-7301.10
7227906010,722790,"BARS AND RODS OF COLD HEADING QUALITY (CHQ) STEEL, HOT-ROLLED, IN IRREGULARLY WOUND COILS","BARS AND RODS OF CHQ STEEL, HOT-ROLL, IRREG. COILS",KG,,67619,14100,331110,2025,section232_core_steel,Proclamation 9705 core steel range 7216.99-7301.10
7227906020,722790,"BARS AND RODS OF WELDING QUALITY WIRE ROD AS DEFINED IN STATISTICAL NOTE 6 TO CHAPTER 72, OF OTHER ALLOY STEEL, HOT-ROLLED, IN IRREG WOUND COILS NESOI",BARS WELD QUAL WIRE ROD ALLOY STL HT-ROL IRR NESOI,KG,,67619,14100,331110,2025,section232_core_steel,Proclamation 9705 core steel range 7216.99-7301.10
7227906030,722790,"BARS AND RODS OF OTHER ALLOY STEEL, HOT-ROLLED, IN IRREGULARLY WOUND COILS, OF A CIRCULAR CROSS SECTION, WITH A DIAMETER LESS THAT 14MM","BAR/ROD ALLY STL, HOTROLL, IRREG COIL CC DIA <14MM",KG,,67619,14100,331110,2025,section232_core_steel,Proclamation 9705 core steel range 7216.99-7301.10
7227906035,722790,"BARS AND RODS OF OTHER ALLOY STEEL, HOT-ROLLED, IN IRREGULARLY WOUND COILS, OF A CIRCULAR CROSS SECT, W/ A DIAMETER OF 14MM OR MORE BUT LESS THAN 19MM",BAR/ROD ALY STL HOTROL IRREG COIL CC DI >14MM<19MM,KG,,67619,14100,331110,2025,section232_core_steel,Proclamation 9705 core steel range 7216.99-7301.10
7227906040,722790,"BARS AND RODS OF OTHER ALLOY STEEL, HOT-ROLLED, IN IRREGULARLY WOUND COILS, OF A CIRCULAR CROSS SECTION, WITH A DIAMETER OF 19MM OR MORE","BAR/ROD ALLY STL, HOTROL, IRREG COIL CC DIA > 19MM",KG,,67619,14100,331110,2025,section232_core_steel,Proclamation 9705 core steel range 7216.99-7301.10
7227906090,722790,"BARS AND RODS OF OTHER ALLOY STEEL, HOT-ROLLED, IN IRREGULARLY WOUND COILS, NESOI","BARS/RODS ALLOY STEEL, HOT-ROLL, IRREG COIL, NESOI",KG,,67619,14100,331110,2025,section232_core_steel,Proclamation 9705 core steel range 7216.99-7301.10
7228100010,722810,OTHER BARS AND RODS HIGH-SPEED STEEL NOT COLD-FORMED,OTHER BARS AND RODS HIGH-SPEED STEEL NT COLD-FORMD,KG,,67641,15000,331110,2025,section232_core_steel,Proclamation 9705 core steel range 7216.99-7301.10
7228100030,722810,OTHER BARS AND RODS HIGH-SPEED STEEL COLD-FORMED MAXIMUM CROSS-SECTION UNDER 18MM,OTH BRS RDS HSPD STL CF MAX CS UN 18MM,KG,,67641,15000,331110,2025,section232_core_steel,Proclamation 9705 core steel range 7216.99-7301.10
7228100060,722810,OTHER BARS AND RODS HIGH-SPEED STEEL COLD-FORMED MAXIMUM CROSS-SECTION 18MM OR MORE,OTH BRS RDS HSPD STL CF MAX CS 18MM AO,KG,,67641,15000,331110,2025,section232_core_steel,Proclamation 9705 core steel range 7216.99-7301.10
7228201000,722820,OTHER BARS AND RODS SILICO-MANGANESE STEEL NOT COLD-FORMED,OTH BRS A RDS SILICO-MNGNSE STL NT COLD-FRMD,KG,,67642,15000,331110,2025,section232_core_steel,Proclamation 9705 core steel range 7216.99-7301.10
7228205000,722820,OTHER BARS AND RODS SILICO-MANGANESE STEEL COLD-FORMED,OTH BRS RDS SILICO-MNGNSE STL COLD-FORMD,KG,,67642,15000,331110,2025,section232_core_steel,Proclamation 9705 core steel range 7216.99-7301.10
7228302000,722830,OTHER BARS AND RODS BALL-BEARING STEEL NOT FURTHR WRKD THAN HOT-WORKED OR EXTRUDED,OTHER BARS AND RODS BALL-BEARING STEEL HOT-WORKED,KG,,67629,14100,331110,2025,section232_core_steel,Proclamation 9705 core steel range 7216.99-7301.10
7228304000,722830,OTHER BARS AND RODS CHIPPER KNIFE STEEL HOT-WORKED NOT COLD-FORMED,OTH BRS RDS CHPPR KNF STL HOT-WKD NT COLD-FMD,KG,,67629,14100,331110,2025,section232_core_steel,Proclamation 9705 core steel range 7216.99-7301.10
7228306000,722830,OTHER BARS AND RODS OTHER TOOL STEEL (NOT HI SPEED) HOT-WORKED,OTHER BARS AND RODS OTHER TOOL STEEL HOT-WORKED,KG,,67629,14100,331110,2025,section232_core_steel,Proclamation 9705 core steel range 7216.99-7301.10
7228308005,722830,"OTHER BARS AND RODS OF OTHER HIGH-NICKEL ALLOY STEEL HOT-ROLLED, HOT-DRAWN OR EXTRUDED","OTH BARS/RODS OTH HI-NI AL STL, HOT-WORKED",KG,,67629,14100,331110,2025,section232_core_steel,Proclamation 9705 core steel range 7216.99-7301.10
7228308010,722830,"CONCRETE REINFORCING BARS AND RODS OF OTHER ALLOY STEEL, NOT FURTHER WORKED THAN HOT-ROLLED, HOT-DRAWN OR EXTRUDED, NESOI",CONCRETE REBAR OF OTHER ALLOY STL HOT-WORKED NESOI,KG,,67629,14100,331110,2025,section232_core_steel,Proclamation 9705 core steel range 7216.99-7301.10
7228308015,722830,"BARS AND RODS OF OTHER ALLOY STEEL, NOT FURTHER WORKED THAN HOT-ROLLED, HOT-DRAWN OR EXTRUDED, DIAMETER OR CROSS-SECTION OF LESS THAN 76MM, NESOI",BARS/RODS ALY STEEL HOT-ROLL/DRAW D/CS LT 76MM NES,KG,,67629,14100,331110,2025,section232_core_steel,Proclamation 9705 core steel range 7216.99-7301.10
7228308041,722830,"BARS AND RODS OF OTHER ALLOY STEEL NOT FURTHER WORKED THAN HOT-ROLLED HOT-DRAWN OR EXTRUDED, DIAM/CROSS-SEC OF 76MM OR MORE BUT NOT EXCEED 152MM NESOI",BARS/RODS ALY STEEL HOT-ROLL/DRW D/CS 76-152MM NES,KG,,67629,14100,331110,2025,section232_core_steel,Proclamation 9705 core steel range 7216.99-7301.10
7228308045,722830,"BARS AND RODS OF OTHER ALLOY STEEL NOT FURTHER WORKED THAN HOT-ROLLED HOT-DRAWN/EXTRUDED, DIAM/CROSS-SEC OF 152MM OR MORE BUT NOT EXCEED 228MM, NESOI",BARS/RDS ALY STEEL HOT-ROLL/DRW D/CS 152-228MM NES,KG,,67629,14100,331110,2025,section232_core_steel,Proclamation 9705 core steel range 7216.99-7301.10
7228308070,722830,"BARS AND RODS OF OTHER ALLOY STEEL, NOT FURTHER WORKED THAN HOT-ROLLED, HOT-DRAWN OR EXTRUDED, DIAMETER OR CROSS SECTION EXCEEDING 228 MM, NESOI",BARS/RODS ALY STEEL HOT-ROLL/DRW D/CS GT 228MM NES,KG,,67629,14100,331110,2025,section232_core_steel,Proclamation 9705 core steel range 7216.99-7301.10
7228400000,722840,"BARS AND RODS OF OTHER ALLOY STEEL, NOT FURTHER WORKED THAN FORGED","BARS & RODS OF OTHER ALLOY STEEL, FORGED",KG,,67646,14100,331110,2025,section232_core_steel,Proclamation 9705 core steel range 7216.99-7301.10
7228501010,722850,OTHER BARS AND RODS BALL-BEARING STEEL COLD-FORMED OR COLD-FINISHED,OTH BRS RDS BLL-BRG STL COLD-FRMD O COLD-FNSHD,KG,,67639,14100,331110,2025,section232_core_steel,Proclamation 9705 core steel range 7216.99-7301.10
7228501020,722850,"OTHER BARS AND RODS OTHER TOOL STEEL COLD-FORMED OR COLD-FINISHED ROUND OR RECTANGULAR CROSS-SECTION UNDER 18MM GROUND, MILLED OR POLISHED SURFACES",OTH BRS RDS OTS CF/FN RND/REC CS U18MM G/ML/POL SF,KG,,67639,14100,331110,2025,section232_core_steel,Proclamation 9705 core steel range 7216.99-7301.10
7228501040,722850,OTHER BARS AND RODS OTHER TOOL STEEL COLD-FORMED OR COLD-FINISHED MAXIMUM CROSS-SECTION UNDER 18MM OTHER,OTH BRS RDS OTH TS CF/FN MX CS UN 18MM OTHR,KG,,67639,14100,331110,2025,section232_core_steel,Proclamation 9705 core steel range 7216.99-7301.10
7228501060,722850,"OTHER BARS AND RODS OTHER TOOL STEEL COLD-FORMED OR COLD-FINISHED ROUND OR RECTANGULAR CROSS-SECTION 18MM OR MORE GROUND, MILLED OR POLISHED SURFACES",OTH BRS RDS OTS CF/FN RND/REC CS 18MM AO G/ML/PL S,KG,,67639,14100,331110,2025,section232_core_steel,Proclamation 9705 core steel range 7216.99-7301.10
7228501080,722850,OTHER BARS AND RODS OTHER TOOL STEEL COLD-FORMED OR COLD-FINISHED MAXIMUM CROSS-SECTION 18MM OR MORE OTHER,OTH BRS RDS OTS CF/FN MX CS 18MM AO OTHR,KG,,67639,14100,331110,2025,section232_core_steel,Proclamation 9705 core steel range 7216.99-7301.10
7228505005,722850,"OTHER BARS AND RODS OF HIGH-NICKEL ALLOY STEEL, NOT FURTHER WORKED THAN COLD-FORMED OR COLD-FINISHED",OTH BRS RDS HI-NI ALY STL COLD-FORMED O COLD-FNSHD,KG,,67639,14100,331110,2025,section232_core_steel,Proclamation 9705 core steel range 7216.99-7301.10
7228505015,722850,"BARS AND RODS OF OTHER ALLOY STEEL, NOT FURTHER WORKED THAN COLD-FORMED OR COLD-FINISHED, DIAMETER OR CROSS SECTION OF LESS THAN 76 MM, NESOI",BARS/RODS ALY STEEL COLD-FORM/FIN D/CS LT 76MM NES,KG,,67639,14100,331110,2025,section232_core_steel,Proclamation 9705 core steel range 7216.99-7301.10
7228505040,722850,"BARS AND RODS OF OTHER ALLOY STEEL NOT FURTHER WORKED THAN COLD-FORMED, COLD-FINISHED, DIAM OR CROSS SEC OF 76MM OR MORE BUT NOT EXCEEDING 228MM NESOI",BARS/RODS ALY STEEL COLD-FOR/FIN D/CS 76-228MM NES,KG,,67639,14100,331110,2025,section232_core_steel,Proclamation 9705 core steel range 7216.99-7301.10
7228505070,722850,"BARS AND RODS OF OTHER ALLOY STEEL, NOT FURTHER WORKED THAN COLD-FORMED OR COLD-FINISHED, DIAMETER OR CROSS SECTION EXCEEDING 228 MM, NESOI",BARS/RODS ALY STEEL COLD-FOR/FIN D/CS GT 228MM NES,KG,,67639,14100,331110,2025,section232_core_steel,Proclamation 9705 core steel range 7216.99-7301.10
7228601030,722860,OTHER BARS AND RODS BALL-BEARING STEEL NESOI,OTHER BARS AND RODS BALL-BEARING STEEL NESOI,KG,,67647,14100,331110,2025,section232_core_steel,Proclamation 9705 core steel range 7216.99-7301.10
7228601060,722860,OTHER BARS AND RODS OTHER TOOL STEEL NESOI,OTHER BARS AND RODS OTHER TOOL STEEL NESOI,KG,,67647,14100,331110,2025,section232_core_steel,Proclamation 9705 core steel range 7216.99-7301.10
7228606000,722860,OTHER BARS AND RODS OTHER ALLOY STEEL NOT COLD-FORMED NESOI,OTH BARS A RODS OTH ALLOY STL NT COLD-FMD NESOI,KG,,67647,14100,331110,2025,section232_core_steel,Proclamation 9705 core steel range 7216.99-7301.10
7228608000,722860,OTHER BARS AND RODS OTHER ALLOY STEEL COLD-FORMED,OTHER BARS AND RODS OTHER ALLOY STEEL COLD-FORMED,KG,,67647,14100,331110,2025,section232_core_steel,Proclamation 9705 core steel range 7216.99-7301.10
7228703010,722870,"U, I, H AND T SECTIONS OF OTHER ALLOY STEEL, HOT-ROLLED, NOT DRILLED, NOT PUNCHED AND NOT OTHERWISE ADVANCED","U, I, H & T SECTIONS, OTHER ALLOY STEEL HOT-ROLLED",KG,,67688,14100,331110,2025,section232_core_steel,Proclamation 9705 core steel range 7216.99-7301.10
7228703020,722870,"ANGLES ALLOY STEEL NOT STAINLESS HOT-ROLLED NOT DRILLED, PUNCHED OR OTHERWISE ADVANCED MAXIMUM CROSS-SECTION 76MM OR MORE",ANGS ALLOY STL NT SS HR NT DR/PN/OAD MX CS 76MM AO,KG,,67688,15000,331110,2025,section232_core_steel,Proclamation 9705 core steel range 7216.99-7301.10
7228703041,722870,"SHAPES AND SECTIONS W/ A MAX CROSS-SECTIONAL DIMENSION OF 76 MM OR MORE, OF OTHER ALLOY STEEL, HOT-ROLLED, NOT DRILLED, NOT PUNCHED ETC, NESOI",SHAPE/SECTION MAX CROSS-SEC GT=76MM ALLY STL NESOI,KG,,67688,14100,331110,2025,section232_core_steel,Proclamation 9705 core steel range 7216.99-7301.10
7228703060,722870,"ANGLES ALLOY STEEL NOT STAINLESS HOT-ROLLED NOT DRILLED, PUNCHED OR OTHERWISE ADVANCED MAXIMUM CROSS-SECTION UNDER 76MM",ANGS ALLY STL NT SS HR NT DR/PN/OADV MX CS UN 76MM,KG,,67688,14100,331110,2025,section232_core_steel,Proclamation 9705 core steel range 7216.99-7301.10
7228703081,722870,"SHAPES AND SECTIONS W/ A MAXIMUM CROSS-SECTIONAL DIMENSION OF LESS THAN 76 MM, OF OTHER ALLOY STEEL, HOT-ROLLED, NOT DRILLED, NOT PUNCHED ETC, NESOI",SHAPE/SECTION MAX CROSS-SEC LT 76MM ALLY STL NESOI,KG,,67688,14100,331110,2025,section232_core_steel,Proclamation 9705 core steel range 7216.99-7301.10
7228706000,722870,"ANGLES, SHAPES AND SECTIONS ALLOY STEEL NOT STAINLESS OTHER THAN HOT-ROLLED",ANGLS SHPS SEC AS NT SS OTH THN HOT-ROLLD,KG,,67688,14100,331110,2025,section232_core_steel,Proclamation 9705 core steel range 7216.99-7301.10
7228800000,722880,"HOLLOW DRILL BARS AND RODS, ALLOY OR NONALLOY STEEL, NESOI","HOLLOW DRILL BARS AND RODS, ALLOY/NALLOY STL,NESOI",KG,,67648,14100,331110,2025,section232_core_steel,Proclamation 9705 core steel range 7216.99-7301.10
7229200010,722920,"SILICO-MANGANESE STL WIRE,RND, < EQ 1.6MM, <.20% CAR, > .9% MANG, > .6% SILICON, FOR ELECTRIC ARC WELDING, PLT OR COAT WITH COPPER","SILICO-MANG WIRE,RND,< 1.6MM,< .20% CAR,PLT COPPER",KG,,67829,15000,331222,2025,section232_core_steel,Proclamation 9705 core steel range 7216.99-7301.10
7229200015,722920,"SILICO-MANGANESE STL WIRE, ROUND, < EQ 1.6MM, < .20% CARBON, > .9% MANG, > .6% SILICON, FOR ELECTRIC ARC WELDING, NESOI","SILICO-MANG WIRE,RND,< 1.6MM,< .20% CAR,ARC WELD",KG,,67829,15000,331222,2025,section232_core_steel,Proclamation 9705 core steel range 7216.99-7301.10
7229200090,722920,"WIRE OF SILICO-MANGANESE STEEL, NESOI","WIRE OF SILICO-MANGANESE STEEL, NESOI",KG,,67829,15000,331222,2025,section232_core_steel,Proclamation 9705 core steel range 7216.99-7301.10
7229900500,722990,WIRE OF HIGH-SPEED STEEL,WIRE OF HIGH-SPEED STEEL,KG,,67829,15000,331222,2025,section232_core_steel,Proclamation 9705 core steel range 7216.99-7301.10
7229901000,722990,FLAT WIRE OF OTHER ALLOY STEEL,FLAT WIRE OF OTHER ALLOY STEEL,KG,,67829,15000,331222,2025,section232_core_steel,Proclamation 9705 core steel range 7216.99-7301.10
7229905006,722990,"ROUND WIRE OTHER ALLOY STEEL DIAMETER < EQUAL TO 1.6MM, CONT < .20% CARBON, > .3% NICKEL, < .08% MOLYBDENUM, SUITABLE FOR ELEC ARC WELDING, COPPER PLT","RND WIRE OTH ALY STL,< 1.6MM, <.20% CAR,COPPER PLT",KG,,67829,15000,331222,2025,section232_core_steel,Proclamation 9705 core steel range 7216.99-7301.10
7229905008,722990,"ROUND WIRE OTHER ALLOY STEEL, DIAMETER LESS THAN EQUAL TO 1.6MM, CONTAINING <.20% CARBON, >.08% MOLYBDENUM, SUITABLE FOR ELEC. ARC WELDING","RND WIRE OTH ALLOY STL,<1.6MM, < .20% CAR, NESOI",KG,,67829,15000,331222,2025,section232_core_steel,Proclamation 9705 core steel range 7216.99-7301.10
7229905016,722990,ROUND WIRE OTHER ALLOY STEEL DIAMETER UNDER 1.0 MM,ROUND WIRE OTHER ALLOY STEEL DIAMETER UNDER 1.0 MM,KG,,67829,15000,331222,2025,section232_core_steel,Proclamation 9705 core steel range 7216.99-7301.10
7229905031,722990,ROUND WIRE OTHER ALLOY STEEL DIAMETER 1.0MM OR MORE BUT LESS THAN 1. 5 MM,RND WIRE OTH ALLOY STL 1.0MM TO UNDR 1.5MM DIAM,KG,,67829,15000,331222,2025,section232_core_steel,Proclamation 9705 core steel range 7216.99-7301.10
7229905051,722990,ROUND WIRE OTHER ALLOY STEEL DIAMETR 1.5MM OR MORE,ROUND WIRE OTHER ALLOY STEEL DIAMETR 1.5MM OR MORE,KG,,67829,15000,331222,2025,section232_core_steel,Proclamation 9705 core steel range 7216.99-7301.10
7229909000,722990,"OTHER WIRE, NESOI OF OTHER ALLOY STEEL","OTHER WIRE, NESOI OF OTHER ALLOY STEEL",KG,,67829,15000,331222,2025,section232_core_steel,Proclamation 9705 core steel range 7216.99-7301.10
7301100000,730110,"SHEET PILING OF IRON OR STEEL, WHETHER OR NOT DRILLED, PUNCHED OR MADE FROM ASSEMBLED ELEMENTS",SHEET PILING OF IRON OR STEEL,KG,,67686,15000,331110,2025,section232_core_steel,Proclamation 9705 core steel range 7216.99-7301.10
7302101010,730210,"RAILS, NEW STANDARD TEE, OF IRON OR NONALLOY STEEL, NOT HEAT TREATED, OVER 30 KG PER METER","TEE RAILS,NEW,IRON/STEEL, NOT HEAT TREAT GT 30KG/M",KG,,67701,15000,331110,2025,section232_core_steel,Proclamation 9705 core steel subheading 7302.10
7302101015,730210,"OTHER RAILS, NEW, OF IRON OR NONALLOY STEEL,NOT HEAT TREATED OVER 30 KG PER METER","RAILS,NEW,IRON/STEEL,N HEAT-TREAT GT 30KG/M,NESOI",KG,,67701,15000,331110,2025,section232_core_steel,Proclamation 9705 core steel subheading 7302.10
7302101025,730210,"RAILS, NEW, OF IRON OR NONALLOY STEEL, NOT HEAT TREATED, NOT OVER 30 KG PER METER","RAILS, NEW, IRON/STEEL, NOT HEAT-TREATED, NESOI",KG,,67701,15000,331110,2025,section232_core_steel,Proclamation 9705 core steel subheading 7302.10
7302101035,730210,"RAILS, NEW, STANDARD TEE, OF IRON OR NONALLOY STEEL, HEAT TREATED, OVER 30 KG PER METER","TEE RAILS, NEW, IRON/STEEL,HEAT-TREATED GT 30 KG/M",KG,,67701,15000,331110,2025,section232_core_steel,Proclamation 9705 core steel subheading 7302.10
7302101045,730210,"OTHER RAILS, NEW, OF IRON OR NONALLOY STEEL, HEAT TREATED, OVER 30 KG PER METER","RAILS,NEW,IRON/NALLOY STEEL,HEAT TREAT,GT 30KG/MTR",KG,,67701,15000,331110,2025,section232_core_steel,Proclamation 9705 core steel subheading 7302.10
7302101055,730210,"OTHER NEW RAILS, OF IRON OR NONALLOY STEEL, HEAT TREATED, NOT OVER 30 KG PER METER","RAILS,NEW,IRON/STEEL,HEAT TREATED,LT=30KG/M, NESOI",KG,,67701,15000,331110,2025,section232_core_steel,Proclamation 9705 core steel subheading 7302.10
7302101065,730210,"USED RAILWAY RAILS, IRON OR NONALLOY STEEL, FOR REROLLING, NOT SCRAP","RAILWAY RAILS,USED, REROLLNG, IRON/STEEL,NOT SCRAP",KG,,67701,15000,331110,2025,section232_core_steel,Proclamation 9705 core steel subheading 7302.10
7302101075,730210,"RAILS, USED, OF IRON OR NONALLOY STEEL, NOT RAILWAY RAILS FOR REROLLING, NOT SCRAP","RAILS, USED, IRON/NONALLOY STEEL,NOT SCRAP, NESOI",KG,,67701,15000,331110,2025,section232_core_steel,Proclamation 9705 core steel subheading 7302.10
7302105020,730210,"RAILS OF ALLOY STEEL, NEW","RAILS OF ALLOY STEEL, NEW",KG,,67701,15000,331110,2025,section232_core_steel,Proclamation 9705 core steel subheading 7302.10
7302105040,730210,"RAILWAY RAILS FOR REROLLING, OF ALLOY STEEL, USED","RAILWAY RAILS FOR REROLLING, ALLOY STEEL, USED",KG,,67701,15000,331110,2025,section232_core_steel,Proclamation 9705 core steel subheading 7302.10
7302105060,730210,"RAILS OF ALLOY STEEL, USED, OTHER THAN RAILWAY RAILS FOR REROLLING,","RAILS OF ALLOY STEEL, USED, NESOI",KG,,67701,15000,331110,2025,section232_core_steel,Proclamation 9705 core steel subheading 7302.10
7302400000,730240,FISH PLATES AND SOLE PLATES OF IRON OR STEEL,FISH PLATES AND SOLE PLATES OF IRON OR STEEL,KG,,67709,22100,332999,2025,section232_core_steel,Proclamation 9705 core steel range 7302.40-7302.90
7302901000,730290,SLEEPERS (CROSS-TIES) OF IRON OR STEEL,SLEEPERS (CROSS-TIES) OF IRON OR STEEL,KG,,67709,22100,332999,2025,section232_core_steel,Proclamation 9705 core steel range 7302.40-7302.90
7302909000,730290,OTHER RAILWAY OR TRAMWAY TRACK CONSTRUCTION MATERIAL OF IRON OR STEEL NESOI,RAILWAY OR TRAMWAY TRACK CONSTR MATRL OF IOS NESOI,KG,,67709,22100,332999,2025,section232_core_steel,Proclamation 9705 core steel range 7302.40-7302.90
7304110020,730411,"LINE PIPE OF A KIND USED FOR OIL OR GAS PIPELINES, SEAMLESS, OF STAINLESS STEEL, WITH AN OUTSIDE DIAMETER NOT EXCEEDING 114.3 MM","LNEPPE FOR OIL/GAS,STN STL,SEMLES,DIAM LT/=114.3MM",KG,,67912,21000,331210,2025,section232_core_steel,Proclamation 9705 core steel range 7304.10-7306.90
7304110050,730411,"LINE PIPE OF A KIND USED FOR OIL OR GAS PIPELINES, SEAMLESS, OF STAINLESS STEEL, WITH AN OUTSIDE DIAM EXCEEDING 114.3 MM, BUT NOT EXCEEDING 406.4 MM","LNPPE FR OIL/GAS,STN STL,SEMLES,DIAM 114.3-406.4MM",KG,,67912,21000,331210,2025,section232_core_steel,Proclamation 9705 core steel range 7304.10-7306.90
7304110080,730411,"LINE PIPE OF A KIND USED FOR OIL OR GAS PIPELINES, SEAMLESS, OF STAINLESS STEEL, WITH AN OUTSIDE DIAMETER EXCEEDING 406.4 MM","LNEPPE FR OIL/GAS,STN STL,SEMLES,DIAM GT 406.4MM",KG,,67912,21000,331210,2025,section232_core_steel,Proclamation 9705 core steel range 7304.10-7306.90
7304191020,730419,"LINE PIPE OF A KIND USED FOR OIL OR GAS PIPELINES, SEAMLESS, OF IRON (NONCAST) OR NONALLOY STEEL, WITH AN OUTSIDE DIAMETER NOT EXCEEDING 114.3 MM","LNEPPE FOR OIL/GAS,IOS NA,SEMLES,DIAM LT/=114.3MM",KG,,67912,21000,331110,2025,section232_core_steel,Proclamation 9705 core steel range 7304.10-7306.90
7304191030,730419,"SEAMLESS LINE PIPE FOR OIL OR GAS PIPELINES, IRON OR NONALLOY STEEL,  OUTSIDE DIAMETER OVER 114.3 MM BUT LESS THAN 215.9 MM","LINE PIPE,SEMLESS,OIL/GAS,IR/STEEL (114.3-215.9MM)",KG,,67912,21000,331110,2025,section232_core_steel,Proclamation 9705 core steel range 7304.10-7306.90
7304191045,730419,"SEAMLESS LINE PIPE FOR OIL OR GAS PIPELINES, IRON OR NONALLOY STEEL,  OUTSIDE DIAMETER OF 215.9-406.4 MM, WALL THICKNESS UNDER 12.7 MM","LINE PIPE,SEAMLESS, IRON/STEEL, DIAM 215.9-406.4MM",KG,,67912,21000,331110,2025,section232_core_steel,Proclamation 9705 core steel range 7304.10-7306.90
7304191060,730419,"SEAMLESS OIL OR GAS LINE PIPE, IRON OR NONALLOY STEEL, OUTSIDE DIAMETER OF 215.9-406.4 MM, WALL THICKNESS 12.7 MM OR MORE","SLMS O/G LNP,I/NAL,OD 215.9-406.4MM,WTK 12.7MM AOV",KG,,67912,21000,331110,2025,section232_core_steel,Proclamation 9705 core steel range 7304.10-7306.90
7304191080,730419,"LINE PIPE OF A KIND USED FOR OIL OR GAS PIPELINES, SEAMLESS, OF IRON (NONCAST) OR NONALLOY STEEL, WITH AN OUTSIDE DIAMETER EXCEEDING 406.4 MM","LINEPIPE FOR OIL/GAS, IRN/NAL STL, DIAM OV 406.4MM",KG,,67912,21000,331110,2025,section232_core_steel,Proclamation 9705 core steel range 7304.10-7306.90
7304195020,730419,"LINE PIPE OF A KIND USED FOR OIL OR GAS PIPELINES, SEAMLESS, OF OTHER ALLOY STEEL, NOT STAINLESS, WITH AN OUTSIDE DIAMETER NOT EXCEEDING 114.3 MM","LNEPPE FOR OIL/GAS,SEAMLS,AL NT S,DIAM LT/=114.3MM",KG,,67912,21000,331110,2025,section232_core_steel,Proclamation 9705 core steel range 7304.10-7306.90
7304195050,730419,"LINE PIPE, USED FOR OIL OR GAS PIPELINES, SEAMLESS, OF OTHER ALLOY STEEL, NOT STAINLESS, WITH AN OUTSIDE DIAMETER >114.3 MM, BUT <406.4 MM","LNEPPE FR OIL/GS,SEMLES, AL NT S,DIA 114.3-406.4MM",KG,,67912,21000,331110,2025,section232_core_steel,Proclamation 9705 core steel range 7304.10-7306.90
7304195080,730419,"LINE PIPE OF A KIND USED FOR OIL OR GAS PIPELINES, SEAMLESS, OF ALLOY STEEL, NOT STAINLESS, WITH AN OUTSIDE DIAMETER EXCEEDING 406.4 MM","LNEPPE FR OIL/GAS,SEMLES,AL NT SS,DIAM GT 406.4MM",KG,,67912,21000,331110,2025,section232_core_steel,Proclamation 9705 core steel range 7304.10-7306.90
7304220030,730422,"DRILL PIPE FOR OIL OR GAS, SEAMLESS, STAINLESS STEEL, OUTSIDE DIAMETER NOT OVER 168.3MM, WALL THICKNESS NOT OVER 9.5MM","DRILL PIPE,SEAMLS,STN STL,DIA<=168.3MM,THK<=9.5MM",KG,,67913,21000,331210,2025,section232_core_steel,Proclamation 9705 core steel range 7304.10-7306.90
7304220045,730422,"DRILL PIPE FOR OIL OR GAS, SEAMLESS, STAINLESS STEEL, OUTSIDE DIAMETER NOT OVER 168.3MM, WALL THICKNESS OVER 9.5MM","DRILL PIPE,SEAMLS,STN STL,DIAM<=168.3MM,THK>9.5MM",KG,,67913,21000,331210,2025,section232_core_steel,Proclamation 9705 core steel range 7304.10-7306.90
7304220060,730422,"DRILL PIPE FOR OIL OR GAS, SEAMLESS, STAINLESS STEEL, OUTSIDE DIAMETER OVER 168.3MM","DRILL PIPE, SEAMLESS,STAINLESS STEEL,DIA > 168.3MM",KG,,67913,21000,331210,2025,section232_core_steel,Proclamation 9705 core steel range 7304.10-7306.90
7304233000,730423,"OIL WELL DRILL PIPE, OF IRON OR NONALLOY STEEL","OIL WELL DRILL PIPE, OF IRON OR NONALLOY STEEL",KG,,67913,21000,331110,2025,section232_core_steel,Proclamation 9705 core steel range 7304.10-7306.90
7304236030,730423,"DRILL PIPE FOR OIL OR GAS, SEAMLESS, OF OTH ALLOY STEEL NOT STAINLESS, OUTSIDE DIAMETER NOT OVER 168.3MM, WALL THICKNESS NOT OVER 9.5MM","DRILL PIPE,SEAM,ALY NT STN,DIA<=168.3MM,THK<=9.5MM",KG,,67913,21000,331110,2025,section232_core_steel,Proclamation 9705 core steel range 7304.10-7306.90
7304236045,730423,"DRILL PIPE FOR OIL OR GAS, SEAMLESS, OF OTH ALLOY STEEL NOT STAINLESS, OUTSIDE DIAMETER NOT OVER 168.3MM, WALL THICKNESS OVER 9.5MM","DRILLPIPE,SEAMLS,ALY NT STN,DIA<=168.3MM,THK>9.5MM",KG,,67913,21000,331110,2025,section232_core_steel,Proclamation 9705 core steel range 7304.10-7306.90
7304236060,730423,"DRILL PIPE FOR OIL OR GAS, SEAMLESS, OF OTH ALLOY STEEL NOT STAINLESS, OUTSIDE DIAMETER OVER 168.3MM","DRILL PIPE, SEAMLESS,ALY STL NT STN,DIAM > 168.3MM",KG,,67913,21000,331110,2025,section232_core_steel,Proclamation 9705 core steel range 7304.10-7306.90
7304243010,730424,"CASING, SEAMLESS, OIL OR GAS DRILLING, STAINLESS STEEL, THREADED OR COUPLED, OUTSIDE DIAMETER LESS THAN 215.9 MM, WALL THICKNESS LESS THAN 12.7 MM","CASING,SEMLES,STN STL,THR,DIA<215.9,THK<12.7MM",KG,,67913,21000,331210,2025,section232_core_steel,Proclamation 9705 core steel range 7304.10-7306.90
7304243020,730424,"CASING, SEAMLESS, OIL OR GAS DRILLING, STAINLESS STEEL, THREADED OR COUPLED, OUTSIDE DIAMETER LESS THAN 215.9 MM, WALL THICKNESS 12.7 MM OR MORE","CASING,SEMLES,STN STL,THRD,DIA<215.9,THK>12.7MM",KG,,67913,21000,331210,2025,section232_core_steel,Proclamation 9705 core steel range 7304.10-7306.90
7304243030,730424,"CASING, SEAMLESS, OIL OR GAS DRILLING, STAINLESS STEEL, THREADED OR COUPLED, OUTSIDE DIAMETER 215.9-285.8 MM WALL THICKNESS LESS THAN 12.7 MM","CASING,SEAMLES,STN STL,THR,215.9-285.8,THK<12.7MM",KG,,67913,21000,331210,2025,section232_core_steel,Proclamation 9705 core steel range 7304.10-7306.90
7304243040,730424,"CASING, SEAMLESS, OIL OR GAS DRILLING, STAINLESS STEEL, THREADED OR COUPLED, OUTSIDE DIAMETER 215.9 MM -285.8 MM, WALL THICKNESS 12.7 MM OR MORE","CASING,SEMLES,STN,THRED,215.9-285.9,THK>12.7MM",KG,,67913,21000,331210,2025,section232_core_steel,Proclamation 9705 core steel range 7304.10-7306.90
7304243045,730424,"CASING OF STAINLESS STEEL, SEAMLESS, OF A KIND USED IN DRILLING FOR OIL OR GAS, THREADED OR COUPLED, HAVING AN OUTSIDE DIAMETER EXCEEDING 285.8MM BUT","CASING,STNLS STEEL,SMLES,DRIL,THRD,DIA 285.8-406.4",KG,,67913,21000,331210,2025,section232_core_steel,Proclamation 9705 core steel range 7304.10-7306.90
7304243080,730424,"CASING, SEAMLESS, OIL OR GAS DRILLING, STAINLESS STEEL, THREADED OR COULPED, OUTSIDE DIAMETER OVER 406.4 MM","CASING,SEAMLES,OIL/GAS,STN STL,THREAD,DIAM>406.4MM",KG,,67913,21000,331210,2025,section232_core_steel,Proclamation 9705 core steel range 7304.10-7306.90
7304244010,730424,"CASING, SEAMLESS, OIL OR GAS DRILLING, STAINLESS STEEL, NOT THREADED OR COUPLED, OUTSIDE DIAMETER LESS THAN 215.9MM, WALL THICKNESS LESS THAN 12.7MM","CASING,SEM,STAINLESS,NESOI,DIAM<215.9,THK<12.7MM",KG,,67913,21000,331210,2025,section232_core_steel,Proclamation 9705 core steel range 7304.10-7306.90
7304244020,730424,"CASING, SEAMLESS, OIL AND GAS DRILLING, STAINLESS STEEL, NOT THREADED OR COUPLED, OUTSIDE DIAMETER UNDER 215.9MM, WALL THICKNESS 12.7MM OR MORE","CASING,SEM,STAINLESS,NESOI,DIA<215.9,THK>=12.7MM",KG,,67913,21000,331210,2025,section232_core_steel,Proclamation 9705 core steel range 7304.10-7306.90
7304244030,730424,"CASING, SEAMLESS, OIL AND GAS DRILLING, STAINLESS STEEL, NOT THREADED OR COUPLED, OUTSIDE DIAMETER 215.9-285.8MM, WALL THICKNESS UNDER 12.7MM","CASING,SEMLES,STN,NESOI,DIA 215.9-285.8,THK<12.7MM",KG,,67913,21000,331210,2025,section232_core_steel,Proclamation 9705 core steel range 7304.10-7306.90
7304244040,730424,"CASING, SEAMLESS, OIL AND GAS DRILLING, STAINLESS STEEL, NOT THREADED OR COUPLED, OUTSIDE DIAMETER 215.9-285.8MM, WALL THICKNESS 12.7MM OR MORE","CASING,SMLS,STN,NESOI,DIA 215.9-285.8,THK>=12.7MM",KG,,67913,21000,331210,2025,section232_core_steel,Proclamation 9705 core steel range 7304.10-7306.90
7304244050,730424,"CASING, SEAMLESS, OIL AND GAS DRILLING, STAINLESS STEEL, NOT THREADED OR COUPLED, OUTSIDE DIAMETER 285.8MM-406.4MM, WALL THICKNESS UNDER 12.7MM","CASING,SMLES,STN,NESOI,DIAM 285.8-406.4,THK<12.7MM",KG,,67913,21000,331210,2025,section232_core_steel,Proclamation 9705 core steel range 7304.10-7306.90
7304244060,730424,"CASING, SEAMLESS, OIL AND GAS DRILLING, STAINLESS STEEL, NOT THREADED OR COUPLED, OUTSIDE DIAMETER 285.8MM-406.4MM, WALL THICKNESS 12.7MM AND OVER","CASING,SMLES,STN,NESOI,DIAM 285.8-406.4,THK>12.7MM",KG,,67913,21000,331210,2025,section232_core_steel,Proclamation 9705 core steel range 7304.10-7306.90
7304244080,730424,"CASING, SEAMLESS, OIL AND GAS DRILLING, STAINLESS STEEL, NOT THREADED OR COUPLED, OUTSIDE DIAMETER OVER 406.4MM","CASING,SEAMLES,OIL/GAS,STAINLES,NESOI,DIAM>406.4MM",KG,,67913,21000,331210,2025,section232_core_steel,Proclamation 9705 core steel range 7304.10-7306.90
7304246015,730424,"TUBING, SEAMLESS, OIL OR GAS DRILLING, STAINLESS STEEL, OUTSIDE DIAMETER NOT OVER 114.3MM, WALL THICKNESS NOT OVER 9.5MM","TUBING,SEMLES,OIL/GAS,STN,DIAM<=114.3,THL<=9.5MM",KG,,67913,21000,331210,2025,section232_core_steel,Proclamation 9705 core steel range 7304.10-7306.90
7304246030,730424,"TUBING, SEAMLESS, OIL OR GAS DRILLING, STAINLESS STEEL, OUTSIDE DIAMETER NOT OVER 114.3MM, WALL THICKNESS OVER 9.5MM","TUBING,SEMLS,OIL/GAS,STAINLESS,DIAM<114.3,TH>9.5MM",KG,,67913,21000,331210,2025,section232_core_steel,Proclamation 9705 core steel range 7304.10-7306.90
7304246045,730424,"TUBING, SEAMLESS, OIL OR GAS DRILLING, STAINLESS STEEL, OUTSIDE DIAMETER OVER 114.3MM BUT LESS THAN 215.9MM","TUBING,SEMLES,OIL/GAS,STAINLS,DIAM 114.3MM-215.9MM",KG,,67913,21000,331210,2025,section232_core_steel,Proclamation 9705 core steel range 7304.10-7306.90
7304246060,730424,"TUBING, SEAMLESS, OIL OR GAS DRILLING, STAINLESS STEEL, OUTSIDE DIAMETER 215.9MM OR MORE BUT NOT OVER 406.4MM","TUBING,SEMLES,OIL/GAS,STAINLS,DIAM 215.9MM-406.4MM",KG,,67913,21000,331210,2025,section232_core_steel,Proclamation 9705 core steel range 7304.10-7306.90
7304246075,730424,"TUBING, SEAMLESS, OIL OR GAS DRILLING, STAINLESS STEEL, OUTSIDE DIAMETER OVER 406.4MM","TUBING,SEAMLESS,OIL/GAS,STAINLESS, DIAM > 406.4MM",KG,,67913,21000,331210,2025,section232_core_steel,Proclamation 9705 core steel range 7304.10-7306.90
7304291010,730429,"CASING, SEAMLESS, OIL OR GAS DRILLING, IRON OR NONALLOY STEEL, THREADED OR COUPLED, OD LESS THAN 215.9 MM, WALL THICKNESS LESS THAN 12.7 MM","CASING, SEAMLESS,IRON/STEEL,THREAD,DIAM LT 215.9MM",KG,,67913,21000,331110,2025,section232_core_steel,Proclamation 9705 core steel range 7304.10-7306.90
7304291020,730429,"CASING, SEAMLESS, OIL OR GAS DRILLING, IRON OR NONALLOY STEEL, THREADED OR COUPLED, DIAMETER LESS THAN 215.9MM, WALL THICKNESS 12.7 MM OR MORE","CASING,SEMLES,RN/STL,DIAM LT 215.9MM,WALL GT=12.7",KG,,67913,21000,331110,2025,section232_core_steel,Proclamation 9705 core steel range 7304.10-7306.90
7304291030,730429,"CASING, SEAMLESS, OIL OR GAS DRILLING, IRON OR NONALLOY STEEL, THREADED OR COUPLED, OUT SIDE DIAMETER 215.9-285.8MM, WALL THICKNESS LESS THAN 12.7 MM","CASING,SEMLES,IRON/STELL,THREAD,DIAM 215.9-285.8MM",KG,,67913,21000,331110,2025,section232_core_steel,Proclamation 9705 core steel range 7304.10-7306.90
7304291040,730429,"CASING, SEAMLESS, OIL OR GAS DRILLING, IRON OR NONALLOY STEEL, THREADED OR COUPLED, OUT SIDE DIAMETER 215.9-285.8MM, WALL THICKNESS 12.7 MM OR MORE","CASING,SEM,IRN/STL,THRD,215.9-285.8,THK GT 12.7MM",KG,,67913,21000,331110,2025,section232_core_steel,Proclamation 9705 core steel range 7304.10-7306.90
7304291050,730429,"CASING, SEAMLESS, OIL OR GAS DRILLING, IRON OR NONALLOY STEEL, THREADED OR COUPLED, DIAMETER EXCEED 285.8MMLT=406.4MM,WALL THICKNESS LESS THAN 12.7 MM","CASING,SEM,IRN/STL,THRD(285.8-406.4),THK LT 12.7MM",KG,,67913,21000,331110,2025,section232_core_steel,Proclamation 9705 core steel range 7304.10-7306.90
7304291060,730429,"CASING, SEAMLESS, OIL OR GAS DRILLING, IRON OR NONALLOY STEEL, THREADED OR COUPLED, DIAMETER EXCEEDS285.8MM LT=406.4 MM,WALL THICKNESS 12.7 MM OR MORE","CASING,SMLES,IRN/STL,(285.8-406.4)THK GT=12.7MM",KG,,67913,21000,331110,2025,section232_core_steel,Proclamation 9705 core steel range 7304.10-7306.90
7304291080,730429,"CASING, SEAMLESS, OIL OR GAS DRILLING, IRON OR NONALLOY STEEL, THREADED OR COUPLED, OUTSIDE DIAMETER OVER 406.4 MM","CASING,SEAMLES,IRON/STEEL,THREAD,DIAM GT 406.4MM",KG,,67913,21000,331110,2025,section232_core_steel,Proclamation 9705 core steel range 7304.10-7306.90
7304292010,730429,"CASING, SEAMLESS, OIL OR GAS DRILLING, IRON OR NONALLOY STEEL, NOT THREADED OR COUPLED, DIAMETER LESS THAN 215.9 MM, WALL THICKNESS LESS THAN 12.7 MM","CASING,SEM,IRN/STL,NESOI,DIA LT 215.9THK LT 12.7MM",KG,,67913,21000,331110,2025,section232_core_steel,Proclamation 9705 core steel range 7304.10-7306.90
7304292020,730429,"CASING, SEAMLESS, OIL OR GAS DRILLING, IRON OR NONALLOY STEEL, NOT THREADED OR COUPLED, DIAMETER LESS THAN 215.9 MM, WALL THICKNESS 12.7 MM OR MORE","CASING,SEM,IRN/STL,NESOI,DIAM LT 215.9,GT=12.7MM",KG,,67913,21000,331110,2025,section232_core_steel,Proclamation 9705 core steel range 7304.10-7306.90
7304292030,730429,"CASING, SEAMLESS, OIL OR GAS DRILLING, IRON OR NONALLOY STEEL, NOT THREADED OR COUPLED, DIAMETER 215.9MM LT=285.8 MM,WALL THICKNESS LESS THAN 12.7 MM","CASING,SEMLES,IRN/STL,NESOI,215.9-285.8 LT 12.7MM",KG,,67913,21000,331110,2025,section232_core_steel,Proclamation 9705 core steel range 7304.10-7306.90
7304292040,730429,"CASING, SEAMLESS, OIL OR GAS DRILLING, IRON OR NONALLOY STEEL, NOT THREADED OR COUPLED, OUT SIDE DIAMETER 215.9MM-285.8MM, THICKNESS 12.7 MM OR MORE","CASING,SMLES,IRN/STL,NESOI,215.9-285.8 GT=12.7MM",KG,,67913,21000,331110,2025,section232_core_steel,Proclamation 9705 core steel range 7304.10-7306.90
7304292050,730429,"CASING, SEAMLESS, OIL OR GAS DRILLING, IRON OR NONALLOY STEEL, NOT THREADED OR COUPLED, DIAMET EXC 285.8 LT=406.4 MM,WALL THICKNESS LESS THAN 12.7 MM","CASING,SEMLES,IRN/STL,NESOI,285.8-406.4 LT 12.7MM",KG,,67913,21000,331110,2025,section232_core_steel,Proclamation 9705 core steel range 7304.10-7306.90
7304292060,730429,"CASING, SEAMLESS, OIL OR GAS DRILLING, IRON OR NONALLOY STEEL, NOT THREADED OR COUPLED, DIAMET EXC 285.8MM LT=406.4MM, WALL THICKNESS 12.7MM OR MORE","CASING,SMLES,IRN/STL,NESOI,285.8-406.4 GT=12.7MM",KG,,67913,21000,331110,2025,section232_core_steel,Proclamation 9705 core steel range 7304.10-7306.90
7304292080,730429,"CASING, SEAMLESS, OIL OR GAS DRILLING, IRON OR NONALLOY STEEL, NOT THREADED OR COUPLED, OUTSIDE DIAMETER OVER 406.4 MM","CASING, SEMLES, IRON/STEEL, NESOI,DIAM GT 406.4MM",KG,,67913,21000,331110,2025,section232_core_steel,Proclamation 9705 core steel range 7304.10-7306.90
7304293110,730429,"CASING, SEAMLESS, OIL OR GAS DRILLING, OTH ALLOY STL NOT STAINLESS , THREADED OR COUPLED, OUTSIDE DIA LESS THAN 215.9 MM, WALL THICK LESS THAN 12.7 MM","CASING,SMLS,ALY ST NT STN,THR,DIA<215.9,THK<12.7MM",KG,,67913,21000,331110,2025,section232_core_steel,Proclamation 9705 core steel range 7304.10-7306.90
7304293120,730429,"CASING, SEAMLESS, OIL OR GAS DRILLING, OTH ALLOY STL NOT STAINLESS, THREADED OR COUPLED, OUTSIDE DIA LESS THAN 215.9 MM, WALL THICKNSS 12.7 MM OR MORE","CASING,SEMLES,ALY NT STN,THRD,DIA<215.9,THK>12.7MM",KG,,67913,21000,331110,2025,section232_core_steel,Proclamation 9705 core steel range 7304.10-7306.90
7304293130,730429,"CASING, SEAMLESS, OIL OR GAS DRILLING, OTH ALLOY STEEL NOT STAINLESS, THREADED OR COUPLED, OUTSIDE DIA 215.9-285.8 MM WALL THICKNSS LESS THAN 12.7 MM","CASING,SMLS, AL NT STN,THR,215.9-285.8,THK<12.7MM",KG,,67913,21000,331110,2025,section232_core_steel,Proclamation 9705 core steel range 7304.10-7306.90
7304293140,730429,"CASING, SEAMLESS, OIL OR GAS DRILLING, OTH ALLOY STL NOT STAINLESS, THREADED OR COUPLED, OUTSIDE DIA 215.9 MM -285.8 MM, WALL THICKNSS 12.7 MM OR MORE","CASING,SEMLES,OTH ALY,THRED,215.9-285.9,THK>12.7MM",KG,,67913,21000,331110,2025,section232_core_steel,Proclamation 9705 core steel range 7304.10-7306.90
7304293150,730429,"CASING, SEAMLESS, OIL OR GAS DRILLING, OTH ALLOY STL NOT STAINLESS, THREADED OR COUPLED, OUTSIDE DIA OVER 285.8NOT OVER 406.4 MM,WALL THICK < 12.7 MM","CASING,SMLS,OTH ALY,THRD,DIA285.8-406.4,THK<12.7MM",KG,,67913,21000,331110,2025,section232_core_steel,Proclamation 9705 core steel range 7304.10-7306.90
7304293160,730429,"CASING, SEAMLESS, OIL OR GAS DRILLING, OTH ALLOY STL NOT STAINLSS, THREADED OR COUPLED, OUTSIDE DIA OVER 285.8MM NOT OVER 406.4MM, WALL THICK > 12.7MM","CASING,SMLS,OTH ALY,THRD,DIA285.8-406.4,TH>=12.7MM",KG,,67913,21000,331110,2025,section232_core_steel,Proclamation 9705 core steel range 7304.10-7306.90
7304293180,730429,"CASING, SEAMLESS, OIL OR GAS DRILLING, OF OTHER ALLOY STEEL, THREADED OR COULPED, OUTSIDE DIAMETER OVER 406.4 MM","CASING,SEAMLS,OIL/GAS,ALY STL,THRED,DIAMGT406.4MM",KG,,67913,21000,331110,2025,section232_core_steel,Proclamation 9705 core steel range 7304.10-7306.90
7304294110,730429,"CASING, SEAMLESS, OIL OR GAS DRILLING, OTH ALLOY STL NOT STAINLESS, NOT THREAD OR COUPLED, OUTSIDE DIA LESS THAN 215.9MM, WALL THICK LESS THAN 12.7MM","CASING,SEM,ALY NT STN,NESOI,DIA<215.9,THK<12.7MM",KG,,67913,21000,331110,2025,section232_core_steel,Proclamation 9705 core steel range 7304.10-7306.90
7304294120,730429,"CASING, SEAMLESS, OIL AND GAS DRILLING, OTH ALLOY STEEL NOT STAINLESS, NOT THREADED OR COUPLED, OUTSIDE DIA UNDER 215.9MM, WALL THICKNS 12.7MM OR MORE","CASING,SEM,ALY NT STN,NESOI,DIA<215.9,THK>=12.7MM",KG,,67913,21000,331110,2025,section232_core_steel,Proclamation 9705 core steel range 7304.10-7306.90
7304294130,730429,"CASING, SEAMLESS, OIL AND GAS DRILLING, OTH ALLOY STEEL NOT STAINLESS, NOT THREADED OR COUPLED, OUTSIDE DIA 215.9-285.8MM, WALL THICKNESS UNDER 12.7MM","CASING,SMLS,OTH ALY,NESOI,DIA215.9-285.8,TH<12.7MM",KG,,67913,21000,331110,2025,section232_core_steel,Proclamation 9705 core steel range 7304.10-7306.90
7304294140,730429,"CASING, SEAMLESS, OIL AND GAS DRILLING, OTH ALLOY STL NOT STAINLESS, NOT THREADED OR COUPLED, OUTSIDE DIA 215.9-285.8MM, WALL THICKNESS 12.7MM OR MORE","CASNG,SMLS,OTH ALY,NESOI,DIA215.9-285.8,TH>=12.7MM",KG,,67913,21000,331110,2025,section232_core_steel,Proclamation 9705 core steel range 7304.10-7306.90
7304294150,730429,"CASING, SEAMLESS, OIL AND GAS DRILLING, OTH ALLOY STL NOT STAINLESS, NOT THREADED OR COUPLED, OUTSIDE DIA 285.8MM-406.4MM, WALL THICKNESS UNDER 12.7MM","CASING,SMLS,OTH ALY,NESOI,DIA285.8-406.4,TH<12.7MM",KG,,67913,21000,331110,2025,section232_core_steel,Proclamation 9705 core steel range 7304.10-7306.90
7304294160,730429,"CASING, SEAMLESS, OIL AND GAS DRILLING, OTH ALLOY STL NOT STAINLESS, NOT THREADED OR COUPLED, OUTSIDE DIA 285.8MM-406.4MM, WALL THICK 12.7MM AND OVER","CASING,SMLS,OTH ALY,NESOI,DIA285.8-406.4,TH>12.7MM",KG,,67913,21000,331110,2025,section232_core_steel,Proclamation 9705 core steel range 7304.10-7306.90
7304294180,730429,"CASING, SEAMLESS, OIL AND GAS DRILLING, OF OTHER ALLOY STEEL NOT STAINLESS, NOT THREADED OR COUPLED, OUTSIDE DIAMETER OVER 406.4MM","CASING,SMLS,OIL/GAS,ALY NT STN,NESOI,DIAM >406.4MM",KG,,67913,21000,331110,2025,section232_core_steel,Proclamation 9705 core steel range 7304.10-7306.90
7304295015,730429,"TUBING, SEAMLESS, OIL AND GAS DRILLING, IRON OR NONALLOY STEEL, OUTSIDE DIAMETER NOT OVER 114.3MM, WALL THICKNESS NOT OVER 9.5MM","TUBING,SM,OIL/GAS,IRN/STL,DIAM GT 114.3,LT=9.5MM",KG,,67913,21000,331110,2025,section232_core_steel,Proclamation 9705 core steel range 7304.10-7306.90
7304295030,730429,"TUBING, SEAMLESS, OIL OR GAS DRILLING, IRON OR NONALLOY STEEL, OUTSIDE DIAMETER NOT OVER 114.3MM, WALL THICKNESS OVER 9.5MM","TUBING,SEM,OIL/GAS,IRN/STL,DIAM GT 114.3,GT 9.5MM",KG,,67913,21000,331110,2025,section232_core_steel,Proclamation 9705 core steel range 7304.10-7306.90
7304295045,730429,"TUBING, SEAMLESS, OIL OR GAS DRILLING, IRON OR NONALLOY STEEL, OUTSIDE DIAMETER OVER 114.3MM BUT LESS THAN 215.9MM","TUBING,SEM,OIL/GAS,IRON/STL,DIAM 114.3-215.9MM",KG,,67913,21000,331110,2025,section232_core_steel,Proclamation 9705 core steel range 7304.10-7306.90
7304295060,730429,"TUBING, SEAMLESS, OIL OR GAS DRILLING, IRON OR NONALLOY STEEL, OUTSIDE DIAMETER 215.9MM OR MORE BUT NOT OVER 406.4MM","TUBING,SEMLS,OIL/GAS,IR/STL,DIAM (215.9-406.4MM)",KG,,67913,21000,331110,2025,section232_core_steel,Proclamation 9705 core steel range 7304.10-7306.90
7304295075,730429,"TUBING, SEAMLESS, OIL OR GAS DRILLING, IRON OR NONALLOY STEEL, OUTSIDE DIAMETER OVER 406.4MM","TUBING,SEMLS,OIL/GAS,IRON/STEEL,DIAM GT 406.4MM",KG,,67913,21000,331110,2025,section232_core_steel,Proclamation 9705 core steel range 7304.10-7306.90
7304296115,730429,"TUBING, SEAMLESS, OIL OR GAS DRILLING, OF OTHER ALLOY STEEL NOT STAINLESS, OUTSIDE DIAMETER NOT OVER 114.3MM, WALL THICKNESS NOT OVER 9.5MM","TUBING,SEMLS,OIL/GAS,OTH ALY,DIAM<=114.3,THK<9.5MM",KG,,67913,21000,331110,2025,section232_core_steel,Proclamation 9705 core steel range 7304.10-7306.90
7304296130,730429,"TUBING, SEAMLESS, OIL OR GAS DRILLING, OF OTHER ALLOY STEEL NOT STAINLESS, OUTSIDE DIAMETER NOT OVER 114.3MM, WALL THICKNESS OVER 9.5MM","TUBING,SEMLS,OIL/GAS,ALY NT STN,DIA<114.3,TH>9.5MM",KG,,67913,21000,331110,2025,section232_core_steel,Proclamation 9705 core steel range 7304.10-7306.90
7304296145,730429,"TUBING, SEAMLESS, OIL OR GAS DRILLING, OF OTHER ALLOY STEEL NOT STAINLESS, OUTSIDE DIAMETER OVER 114.3MM BUT LESS THAN 215.9MM","TUBING,SEMLS,OIL/GAS,OTH ALY,DIA 114.3MM - 215.9MM",KG,,67913,21000,331110,2025,section232_core_steel,Proclamation 9705 core steel range 7304.10-7306.90
7304296160,730429,"TUBING, SEAMLESS, OIL OR GAS DRILLING, OF OTHER ALLOY STEEL NOT STAINLESS, OUTSIDE DIAMETER 215.9MM OR MORE BUT NOT OVER 406.4MM","TUBING,SEMLS,OIL/GAS,OTH ALY,DIAM 215.9MM-406.4MM",KG,,67913,21000,331110,2025,section232_core_steel,Proclamation 9705 core steel range 7304.10-7306.90
7304296175,730429,"TUBING, SEAMLESS, OIL OR GAS DRILLING, OF OTHER ALLOY STEEL NOT STAINLESS, OUTSIDE DIAMETER OVER 406.4MM","TUBING,SEMLES,OIL/GAS,ALLOY NOT STN,DIAM>406.4MM",KG,,67913,21000,331110,2025,section232_core_steel,Proclamation 9705 core steel range 7304.10-7306.90
7304313000,730431,"HOLLOW BARS, SEAMLESS, NESOI, OF IRON (OTHER THAN CAST IRON) OR NONALLOY STEEL, CIRCULAR CROSS SECTION, COLD-DRAWN OR COLD-ROLLED","HOLLOW BARS,SMLS,NESOI,IRN/STL,CIRCS,COLD-DRWN/ROL",KG,,67914,15000,331110,2025,section232_core_steel,Proclamation 9705 core steel range 7304.10-7306.90
7304316010,730431,"TUBES, PIPES AND HOLLOW PROFILES, SMLS, NESOI, IRN OR NONAL STL, CIRCCROSS SEC, COLD-DRAWN OR COLD-ROLLED SUITABLE FOR USE IN BOILERS, HEATERS, ETC","TUBES,PIPE,HOLOW PROFILE,SMLS,NESOI,IRN/STL,BOILER",KG,,67914,21180,331110,2025,section232_core_steel,Proclamation 9705 core steel range 7304.10-7306.90
7304316050,730431,"TUBES, PIPES, HOLLOW PROFILES, NESOI, SMLS, IRN/NONALY STL, CIRCULAR CROSS SECTION, COLD-DRAWN OR COLD-ROLLED, NOT SUITABLE FOR USE IN BOILERS, ETC","TUBES,PIPE,HOLLO PROFIL,SMLS,IRN/STL,CIR SEC,NESOI",KG,,67914,15000,331110,2025,section232_core_steel,Proclamation 9705 core steel range 7304.10-7306.90
7304390002,730439,"OTH SEAMLESS TUBES, PIPES, HOLLOW PROF., IRON/NONALLOY STL, CIRCULAR X-SECTION, NT CLD-TREATED, FOR BOILERS, SUPRHTRS, ETC; OUTSIDE DIAM LS THN 38.1MM","TUBS,PIPE,HOLOW PROFIL,SMLS,IRN/STL,BOIL,LT 38.1MM",KG,,67914,20000,331110,2025,section232_core_steel,Proclamation 9705 core steel range 7304.10-7306.90
7304390004,730439,"OTH PIPES/TUBES/HOLLOW PROF, SEAMLESS, IRON/NONALLOY STL, NT CLD-TREATED, CIR X-SECTION FOR BOILERS, SUPRHTRS, OUTSIDE DIAM 38.1MM A OV,LS THN 190.5MM","TUBE,PIPE,PROFIL,SMLS,IRN/STL,BOILER 38.1-190.5MM",KG,,67914,20000,331110,2025,section232_core_steel,Proclamation 9705 core steel range 7304.10-7306.90
7304390006,730439,"OTH PIPES/TUBES/HOLLOW PROF, SEAMLESS, IRON/NONALLOY STL, NT CLD-TREATED, CIR X-SECTION FOR BOILRS, SUPRHTRS, OUTSIDE DIAM 190.5MM BUT NT OVER 285.8MM","TUBS,PIPE,PROFIL,SMLS,IRN/STL,BOILR,190.5-285.8MM",KG,,67914,20000,331110,2025,section232_core_steel,Proclamation 9705 core steel range 7304.10-7306.90
7304390008,730439,"OTH PIPES/TUBES/HOLLOW PROF., SEAMLESS, IRON/NONALLOY STEEL, NOT COLD-TREATED, CIRCULAR CROSS-SECTION FOR BOILERS, SUPRHTRS, OUTSIDE DIAM OVER 285.8MM","TUBS,PIPE,PROFIL,SMLS,IRN/STL,BOIL,DIAM GT 285.8MM",KG,,67914,20000,331110,2025,section232_core_steel,Proclamation 9705 core steel range 7304.10-7306.90
7304390016,730439,"OTHER SEAMLESS TUBES, PIPES, HOLLOW PROFILES, IRON O NONALLOY STEEL, CIRCULAR CROSS SECTION, NT COLD-TREATED, GALVANIZED, OUTSIDE DIAM NT OVER 114.3MM","TUBE,PIPE,PROF,SMLS,IRN/STL,GALVANIZED,LT=114.3MM",KG,,67914,15000,331110,2025,section232_core_steel,Proclamation 9705 core steel range 7304.10-7306.90
7304390020,730439,"OTH PIPES/TUBES/HOLLOW PROF., SEAMLESS, IRON/NONALLOY STEEL, CIRCULAR CROSS-SECTION, NT COLD-TREATED, NT GALVANIZED, OUTSIDE DIAMETER LESS THAN 38.1MM","TUBE,PIPE,PROFIL,SMLS,IRN/STL,NESOI,DIAM LT 38.1MM",KG,,67914,15000,331110,2025,section232_core_steel,Proclamation 9705 core steel range 7304.10-7306.90
7304390024,730439,"OTH PIPES/TUBES/HOLLOW PROF, SEAMLESS, IRON/NONALLOY STL, CIR X-SECT, NT CLD-TREATED, NT GALVANIZED, OUTSIDE DIAM 38.1-114.3MM, WALLS LS THN 6.4MM THK","TUBE,SMLS,IR/STL,NESOI,38.1 LT=114.3 WAL LT 6.4MM",KG,,67914,15000,331110,2025,section232_core_steel,Proclamation 9705 core steel range 7304.10-7306.90
7304390028,730439,"OTH PIPES/TUBES/HOLLOW PROF, SEAMLESS, IRON/NONALLOY STEEL, CIRC X-SECTION, NT COLD-TREATED, NT GALVANIZED, O/DIAM 38.1-114.3MM, WALLS 6.4-12.7MM THK","TUBE,PIPE,I/S,NESOI,38.1 LT=114.3WAL6.4 LT=12.7MM",KG,,67914,15000,331110,2025,section232_core_steel,Proclamation 9705 core steel range 7304.10-7306.90
7304390032,730439,"OTH PIPES/TUBES/HOLLOW PROF, SEAMLESS, IRON/NONALLOY STEEL, CIRC X-SECT, NT CLD-TREATED, NT GALVNZED, OUTSIDE DIAM 38.1-114.3MM, WALLS OVER 12.7MM THK","TUBE,PIPE,SMLS,NESOI,38.1 LT=114.3WALGT 12.7MM",KG,,67914,15000,331110,2025,section232_core_steel,Proclamation 9705 core steel range 7304.10-7306.90
7304390036,730439,"OTH PIPES/TUBES/HOLLOW PROF, SMLS, IRON/NONALLOY STL, CIR X-SECT, NT CLD-TREAT, NT GLVNZD, OUTSIDE DIAM OV 114.3MM BUT UN 190.5MM, WALLS UN 12.7MM THK","PIPE,SMLS,IRN/STL,OTH, DIAM114.3-190.5WAL LT12.7MM",KG,,67914,15000,331110,2025,section232_core_steel,Proclamation 9705 core steel range 7304.10-7306.90
7304390040,730439,"OTH PIPES/TUBES/HOLLOW PROF, SMLS, IRON/NONALLOY STL, CIR X-SECT, NT CLD TREAT, NT GLVNZD, O/DIAM OV 114.3 BUT UN 190.5MM, WALLS 12.7 A OV BUT UN 19MM","PIPE,SMLS,I/S,NESOI,DIAM 114.3-190.5",KG,,67914,15000,331110,2025,section232_core_steel,Proclamation 9705 core steel range 7304.10-7306.90
7304390044,730439,"OTH PIPES/TUBES/HOLLOW PROF, SMLS, IRON/NONALLOY STL, CIRC X-SECT, NT COLD-TREAT, NT GLVNZD, OUTSIDE DIAM OV 114.3 BUT UN 190.5MM, WALLS 19MM A OV THK","PIPE,SMLS,IRN/STL,NESOI,DIAM 114.3-190.5WAL GT19MM",KG,,67914,15000,331110,2025,section232_core_steel,Proclamation 9705 core steel range 7304.10-7306.90
7304390048,730439,"OTHER PIPES, TUBES ETC, SMLS, IRN OR NAL STL, CIRC CS, NT CLD-TRTED, NT GALVNZD, OS DIAM 190.5, NOV 285.8 MM, WALL THKNS NOV 12.7 MM","PIPES,SMLS,I/S,NESOI,DIAM,190.5-285.8,WAL LT12.7MM",KG,,67914,15000,331110,2025,section232_core_steel,Proclamation 9705 core steel range 7304.10-7306.90
7304390052,730439,"OTHER PIPES, TUBES ETC, SMLS, IRN OR NAL STL, CIRC CS, NT CLD-TRTED, NT GALVNZD, OS DIAM 190.5, NOV 285.8 MM, WALL THKNS 12.7 LESS THAN 19 MM","PIPE,SMLS,I/S,NESOI,DIAM190.5-285.8,WALL12.7-19MM",KG,,67914,15000,331110,2025,section232_core_steel,Proclamation 9705 core steel range 7304.10-7306.90
7304390056,730439,"OTHER PIPES, TUBES ETC, SMLS, IRN OR NAL STL, CIRC CS, NT CLD-TRTED, NT GALVNZD, OS DIAM 190.5, NOV 285.8 MM, WALL THKNS19 MM OR MORE","PIPE,SMLS,NESOI,DIAM 190.5-285.8,WALL GT=19MM",KG,,67914,15000,331110,2025,section232_core_steel,Proclamation 9705 core steel range 7304.10-7306.90
7304390062,730439,"OTHER PIPES, TUBES ETC, SMLS, IRN OR NAL STL, CIRC CS, NT CLD-TRTED, NT GALVNZD, OS DIAM OV 285.8, NOV 406.4 MM, WALL THKNS NOV 12.7 MM","PIPE,SMLS,I/S,NESOI,DIAM 285.8-406.4,WAL LT 12.7MM",KG,,67914,15000,331110,2025,section232_core_steel,Proclamation 9705 core steel range 7304.10-7306.90
7304390068,730439,"OTHER PIPES, TUBES ETC, SMLS, IRN OR NAL STL, CIRC CS, NT CLD-TRTED, NT GALVNZD, OS DIAM OV 285.8, NOV 406.4MM,WALL THKNS 12.7 MM OR MORE LS THN 19MM","PIPE,SMLS,I/S,NESOI,DIAM 285.8-406.4WALL12.7-19MM",KG,,67914,15000,331110,2025,section232_core_steel,Proclamation 9705 core steel range 7304.10-7306.90
7304390072,730439,"OTHER PIPES, TUBES ETC, SMLS, IRN OR NAL STL, CIRC CS, NT CLD-TRTED, NT GALVNZD, OS DIAM OV 285.8, NOV 406.4 MM, WALL THKNS 19 MM OR MORE","PIPE,SMLS,IR/STL,NESOI,DIAM 285.8-406.4WAL GT 19MM",KG,,67914,15000,331110,2025,section232_core_steel,Proclamation 9705 core steel range 7304.10-7306.90
7304390076,730439,"OTHER PIPES, TUBES ETC, SMLS, IRN OR NAL STL, CIRC CS, NT CLD-TRTED, NT GALVNZD, OS DIAM OV 406.4 MM, WALL THKNS LESS THAN 19 MM","TUBE,PIPE,SMLS,I/S,NESOI,DIAM GT 406.4,WAL LT 19MM",KG,,67914,15000,331110,2025,section232_core_steel,Proclamation 9705 core steel range 7304.10-7306.90
7304390080,730439,"OTHER PIPES, TUBES ETC, SMLS, IRN OR NAL STL, CIRC CS, NT CLD-TRTED, NT GALVNZD, OS DIAM OV 406.4 MM, WALL THKNS 19 MM OR MORE","TUBE,PIPE,SMLS,I/S,NESOI,DIAM GT 406.4,WAL GT=19MM",KG,,67914,15000,331110,2025,section232_core_steel,Proclamation 9705 core steel range 7304.10-7306.90
7304413005,730441,"TUBES, PIPES AND HOLLOW PROFILES, SEAMLESS, CIRCULAR CROSS SECTION, HIGH-NICKEL STAINLESS STEEL,COLD-ROLLED OR DRAWN, EXTERNAL DIAMETER LESS THAN 19MM",TUBES/ETC SMLS CCS HI-NI SS CLD-RLD EXT DI UN 19MM,KG,,67915,15000,331210,2025,section232_core_steel,Proclamation 9705 core steel range 7304.10-7306.90
7304413015,730441,"TUBES, PIPES, HOLLOW PROFILES, SEAMLESS, CIRCULAR CRSS-SEC STAINLESS STEEL, COLD-ROLLED,FOR BOILERS,SUPERHEATERS, ETC, EXTERNAL DIAMETER UNDER 19MM",TUBES PPS ETC SMLS CS SS BLRS ETC CR EXT DIA UN 19,KG,,67915,21180,331210,2025,section232_core_steel,Proclamation 9705 core steel range 7304.10-7306.90
7304413045,730441,"TUBES, PIPES, HOLLOW PROFILES, SEAMLESS, CIRCULAR CROSS-SECTION, STAINLESS STEEL, COLD-ROLLED, NESOI, EXTERNAL DIAMETER LESS THAN 19MM",TUBES PPES ETC SMLS CCS SS CR NES EXT DIAM UN 19MM,KG,,67915,15000,331210,2025,section232_core_steel,Proclamation 9705 core steel range 7304.10-7306.90
7304416005,730441,"TUBES, PIPES AND HOLLOW PROFILES, SEAMLESS, CIRCULAR CROSS SECTION, HIGH-NICKEL STAINLESS STEEL,COLD-ROLLED OR DRAWN,EXTERNAL DIAMETER 19MM OR MORE",TBES/ETC SMLS CCS HI-NI SS CLD-RLD EXT DIA 19MM OM,KG,,67915,15000,331210,2025,section232_core_steel,Proclamation 9705 core steel range 7304.10-7306.90
7304416015,730441,"TUBES, PIPES, HOLLOW PROFILES, SEAMLESS, CIRCULAR CROSS-SEC STAINLESS STEEL, COLD-ROLLED,FOR BOILERS, SUPERHEATERS,ETC, EXTERNAL DIAMETER 19MM OR MORE",TUBES PPS ETC SMLS CCS SS CR BLRS EXT DI 19MM OM,KG,,67915,21180,331210,2025,section232_core_steel,Proclamation 9705 core steel range 7304.10-7306.90
7304416045,730441,"TUBES, PIPES, HOLLOW PROFILES, SEAMLESS, CIRCULAR CROSS-SECTION, STAINLESS STEEL, COLD-ROLLED, NESOI, EXTERNAL DIAMETER 19MM OR MORE",TUBES PPES ETC SMLS CCS SS CR NES EXT DIAM 19MM OM,KG,,67915,15000,331210,2025,section232_core_steel,Proclamation 9705 core steel range 7304.10-7306.90
7304490005,730449,"TUBES, PIPES AND HOLLOW PROFILES, SEAMLESS, CIRCULAR CROSS SECTION OF HIGH-NICKEL STAINLESS STEEL, NOT COLD-DRAWN OR COLD-ROLLED",TUBES PIPES ETC SMLS CIRC CS HI-NI SS NOT COLD-RLD,KG,,67915,15000,331210,2025,section232_core_steel,Proclamation 9705 core steel range 7304.10-7306.90
7304490015,730449,"HOLLOW BARS OF STAINLESS STEEL, SEAMLESS, CIRCULAR CROSS SECTION, NESOI, NOT COLD-DRAWN OR COLD-ROLLED","HOLLOW BRS SS SMLS CIRC CS NOT COLD-DRAWN, NESOI",KG,,67915,15000,331210,2025,section232_core_steel,Proclamation 9705 core steel range 7304.10-7306.90
7304490045,730449,"TUBES, PIPES AND HOLLOW PROFILES, SEAMLESS, CIRC CS OF STAINLESS STEEL, NOT COLD-ROLLED, NOT HOLLOW BARS, SUITABLE FOR USE IN BOILERS, SUPERHEATERS ET",TUBES PIPES ETC SS CIRC CS NT HLW BARS FOR BOILERS,KG,,67915,20000,331210,2025,section232_core_steel,Proclamation 9705 core steel range 7304.10-7306.90
7304490060,730449,"TUBES, PIPES AND HOLLOW PROFILES, SEAMLESS, NESOI, CIRC CS OF STAINLESS STEEL, NOT COLD-ROLLED, NOT HOLLOW BARS, NOT SUITABLE FOR USE IN BOILERS, ETC",TUBES PIPES ETC SS CIRC CS NT HLW BRS NT FR BOILRS,KG,,67915,15000,331210,2025,section232_core_steel,Proclamation 9705 core steel range 7304.10-7306.90
7304511000,730451,"TUBES, PIPES AND HOLLOW PROFILES, SMLS, CIRC CS, ALLOY STL NOT STAINLESS, NESOI, COLD-DRAWN OR COLD-ROLLED, SUITBLE FOR MANF BALL OR ROLLER BEARINGS",TUBES ETC SMLS CIRC ALY NT STNL C-R FR BAL BEARNGS,KG,,67916,15000,331210,2025,section232_core_steel,Proclamation 9705 core steel range 7304.10-7306.90
7304515005,730451,"TUBES, PIPES AND HOLLOW PROFILES, SEAMLESS, CIRCULAR CROSS SECTION OF HIGH-NICKEL ALLOY STEEL, NESOI, COLD-DRAWN OR COLD-ROLLED",TUBES ETC SMLS CIRC CS HI-NI ALY STL NES CLD-ROLLD,KG,,67916,15000,331210,2025,section232_core_steel,Proclamation 9705 core steel range 7304.10-7306.90
7304515015,730451,"TUBES, PIPES AND HOLLOW PROFILES, SEAMLESS, CIRC CS, NESOI, COLD-DRAWN OR COLD-ROLLED OF HEAT RESISTING STEEL, SUITABLE FOR USE IN BOILERS, ETC",TUBES ETC SMLS CIRC CS HEAT RESIS ST NES CR FR BLR,KG,,67916,20000,331210,2025,section232_core_steel,Proclamation 9705 core steel range 7304.10-7306.90
7304515045,730451,"TUBES PIPES AND HOLLOW PROFILES, SEAMLESS, CIRC CS COLD-DRAWN OF ALLOY STEEL, NOT STAINLS STL, SUITABLE FOR USE IN BOILRS ETC NOT OF HEAT RESISTING ST",TUBES ETC SMLS CIRC CS CR FR BOILRS NT HT RESIS ST,KG,,67916,20000,331210,2025,section232_core_steel,Proclamation 9705 core steel range 7304.10-7306.90
7304515060,730451,"TUBES, PIPES, ETC, SEAMLESS, CIRC CS, COLD-ROLLED ALLOY STEEL, NOT STAINLESS STEEL, NOT SUITABLE FOR USE IN BOILERS ETC OR FOR BALL BEARINGS",TUBES ETC SMLS CIRC ALY STL NT SS CR NT FR BLRS ET,KG,,67916,15000,331210,2025,section232_core_steel,Proclamation 9705 core steel range 7304.10-7306.90
7304591000,730459,"TUBES, PIPES AND HOLLOW PROFILES, SMLS, CIRC CS, ALLOY ST NOT STAINLS, NESOI, NOT COLD-DRAWN OR COLD-ROLLED, SUITBL FOR MANU BALL OR ROLLER BEARINGS",TUBES ETC SMLS CIRC ALY NT STLS NT C-R FR BL BRNGS,KG,,67916,15000,331210,2025,section232_core_steel,Proclamation 9705 core steel range 7304.10-7306.90
7304592030,730459,"TUBES, PIPES AND HOLLOW PROFILES, SMLS, CIRC CS, NESOI, NOT COLD-DRAWN OR CLD-ROLLED OF HEAT RESISTING STL SUITBL FOR BOILERS, SUPRHEATRS ETC NT BLBRG",TUBES ETC SMLS CIRC HT RESIS ST NES NCR FR BOILERS,KG,,67916,21180,331210,2025,section232_core_steel,Proclamation 9705 core steel range 7304.10-7306.90
7304592040,730459,"OTHER TUBES, PIPES ETC; SMLS; AL STL NOT SS; NT CLD-TRTED; CIRC CS, FOR BOLRS, SUPRHETRS,ETC; NT HEAT-RESISTNG STL; OD 38.1 MM OR LESS","OTH TPS,SMS,ASNSS,CS,FR BLRS,ETC,NT HRS OD38.1MMOL",KG,,67916,20000,331210,2025,section232_core_steel,Proclamation 9705 core steel range 7304.10-7306.90
7304592045,730459,"OTHER TUBES, PIPES ETC; SMLS, AL STL NOT SS; NT CLD-TREATED; CIRC CS; FOR BOLRS, SUPRHETRS,ETC; NT HEAT-RESISTNG STL; OD 38.1 OR MORE NT OV 114.3 MM","OTH TPS,SMS,ASNSS,CS,FBLRS,ETCNHRSOD38.1NOV114.3MM",KG,,67916,20000,331210,2025,section232_core_steel,Proclamation 9705 core steel range 7304.10-7306.90
7304592055,730459,"OTHER TUBES, PIPES ETC; SMLS, AL STL NOT SS; NT CLD-TRTED; CIRC CS; FOR BOLRS, SUPRHETRS,ETC; NT HEAT-RESISTNG STL; OD OV 114.3 MM LS THN 190.5 MM","OYH TPS;SMLS;ASNSS;CS;FBLRS,NHR OD OV114.3NOV190.5",KG,,67916,20000,331210,2025,section232_core_steel,Proclamation 9705 core steel range 7304.10-7306.90
7304592060,730459,"OTHER TUBES, PIPES ETC; SMLS, AL STL NOT SS; NT CLD-TRTED; CIRC CS; FOR BOLRS, SUPRHETRS,ETC; NT HEAT-RESIISTNG STL; OD 190.5 MM OR MORE NT OV 285.8MM","OTH TPS;SMS;ASNSS;CS;FBLRS,NHR OD 190.5NOV285.8MM",KG,,67916,20000,331210,2025,section232_core_steel,Proclamation 9705 core steel range 7304.10-7306.90
7304592070,730459,"OTHER TUBES, PIPES ETC; SMLS, AL STL NOT SS; NT CLD-TRTED; CIRC CS; FOR BOLRS, SUPRHETRS,ETC; NT HEAT-RESISTNG STL; OD OV 285.8 LESS THAN 406.4 MM BRG","OTH TPS,SMS,ASNSS,CS,FBLRS,NHR OD OV285.8 L406.4MM",KG,,67916,20000,331210,2025,section232_core_steel,Proclamation 9705 core steel range 7304.10-7306.90
7304592080,730459,"OTHER TUBES, PIPES ETC; SMLS, AL STL NOT SS; NT CLD-TRTED; CIRC CS; FOR BOLRS, SUPRHETRS,ETC; NT HEAT-RESISTNG STL; OD OV 406.4 MM","OTH TPS,SMS,ASNSS,CS,FBLRS,ETC,NHRS OD OV 406.4 MM",KG,,67916,20000,331210,2025,section232_core_steel,Proclamation 9705 core steel range 7304.10-7306.90
7304596000,730459,"TUBES PIPES AND HOLLOW PROFILES, SMLS CIRC CS NESOI NOT COLD-DRWN OR CLD-RLD, OF HEAT RESISTING STL NT SUITBL FR BOILRS, SUPRHTRS ETC NT FR BALL BRNGS",TUBES ETC SMLS CIRC HT RESIS ST NES NCR NT FR BLRS,KG,,67916,15000,331210,2025,section232_core_steel,Proclamation 9705 core steel range 7304.10-7306.90
7304598010,730459,"OTHER TUBES, PIPES ETC, SMLS, AL STL NOT SS,CIRC CS, NT CLD-TRTED, NESOI, OD LESS THAN 38.1 MM","OTH TPS,SMS,ASNSS,CS,NTCL-T,NESOI,OD UN 38.1 MM",KG,,67916,15000,331210,2025,section232_core_steel,Proclamation 9705 core steel range 7304.10-7306.90
7304598015,730459,"OTHER TUBES, PIPES ETC, SMLS, AL STL NOT SS, CIRC CS, NT CLD-TRTED, NESOI, OD 38.1 MM OR MORE NT OV 114.3 MM, WALL THICKNESS LS THAN 6.4 MM","OTH TPS,SMS,ASNSS,CS,NESOI OD38.1NOV114.3MMWL6.4MM",KG,,67916,15000,331210,2025,section232_core_steel,Proclamation 9705 core steel range 7304.10-7306.90
7304598020,730459,"OTHER TUBES, PIPES ETC, SMLS, AL STL NOT SS, CIRC CS, NT CLD-TRTED, NESOI, OD 38.1 MM OR MORE NT OV 114.3 MM, WALL THKNS 6.4 MM OR MOR NT OV 12.7 MM","OTH TPS,SMS,ASNSS,CS,NES,OD38.1NOV114.3W6.4NOV12.7",KG,,67916,15000,331210,2025,section232_core_steel,Proclamation 9705 core steel range 7304.10-7306.90
7304598025,730459,"OTHER TUBES, PIPES ETC, SMLS, AL STL NOY SS, CIRC CS, NT CLD-TRTED, NESOI, OD 38.1 MM OR MORE NT OV 114.3 MM, WALL THKNS OV 12.7 MM","OTH TPS,SMS,ASNSS,CS,NESOI,OD38.1 NOV114.3WTOV12.7",KG,,67916,15000,331210,2025,section232_core_steel,Proclamation 9705 core steel range 7304.10-7306.90
7304598030,730459,"OTHER TUBES, PIPES ETC, SMLS, AL STL NOT SS, CIRC CS, NT CLD-TRTED, NESOI, OD OV 114.3 MM LS THN 190.5 MM, WALL THKNS LS THN 12.7 MM","OTH TPS,SMS,ASNSS,CS NES,ODOV114.3UN190.5,WTUN12.7",KG,,67916,15000,331210,2025,section232_core_steel,Proclamation 9705 core steel range 7304.10-7306.90
7304598035,730459,"OTHER TUBES, PIPES ETC, SMLS, AL STL NOT SS, CIRC CS, NT CLD-TRTED, NESOI, OD OV 114.3 MM LS THN 190.5 MM WALL THKNS 12.7 MM OR MORE LS THN 19 MM","OTH TPS,SMS,ASNSS,CS NES,ODOV114.3UN190.5WT12.7U19",KG,,67916,15000,331210,2025,section232_core_steel,Proclamation 9705 core steel range 7304.10-7306.90
7304598040,730459,"OTHER TUBES, PIPES ETC, SMLS, AL STL NOT SS, CIRC CS, NT CLD-TRTED, NESOI, OD OV 114.3 MM LS THN 190.5 MM, WALL THKNS 19 MM OR MORE","OTH TPS,SMS,ASNSS,CS,NESOI,ODO114.3UN190.5WT19O O",KG,,67916,15000,331210,2025,section232_core_steel,Proclamation 9705 core steel range 7304.10-7306.90
7304598045,730459,"OTHER TUBES, PIPES ETC, SMLS, AL STL NOT SS, CIRC CS, NT CLD-TRTED, NESOI, OD 190.5 MM OR MORE NT OV 285.8 MM, WALL THKNS LS THN 12.7 MM","OTH TPS,SMS,ASNSS,CS,NES,OD190.5,NTOV285.8WTUN12.7",KG,,67916,15000,331210,2025,section232_core_steel,Proclamation 9705 core steel range 7304.10-7306.90
7304598050,730459,"OTHER TUBES, PIPES ETC, SMLS, AL STL NOT SS, CIRC CS, NT CLD-TRTED, NESOI,OD 190.5 MM OR MORE NT OV 285.8 MM, WALL THKNS 12.7 MM OR MORE LS THN 19 MM","OTH TPS,SMS,ASNSS,CS,NES,OD190.5 NOV285.8WT12.7U19",KG,,67916,15000,331210,2025,section232_core_steel,Proclamation 9705 core steel range 7304.10-7306.90
7304598055,730459,"OTHER TUBES, PIPES ETC, SMLS, AL STL NOT SS, CIRC CS, NT CLD-TRTED, NESOI, OD 190.5 MM OR MORE NT OV 285.8 MM, WALL THKNS 19 MM OR MORE","OTH TPS,SMS,ASNSS,CS,NES,OD190.5 NOV285.8 WT19O OV",KG,,67916,15000,331210,2025,section232_core_steel,Proclamation 9705 core steel range 7304.10-7306.90
7304598060,730459,"OTHER TUBES, PIPES ETC, SMLS, AL STL NOT SS, CIRC CS, NT CLD-TRTED, NESOI, OD OV 285.8 MM NT OV 406.4 MM, WALL THKNS LS THN 12.7 MM","OTH TPS,SMS,ASNSS,CS,NESOI,ODO285.8NOV406.4WTU12.7",KG,,67916,15000,331210,2025,section232_core_steel,Proclamation 9705 core steel range 7304.10-7306.90
7304598065,730459,"OTHER TUBES, PIPES ETC, SMLS, AL STL NOT SS, CIRC CS, NT CLD-TRTED, NESOI, OD OV 285.8 MM NT OV 406.4 MM, WALL THKNS 12.7 MM OR MORE LS THN 19 MM","OTH TPS,SMS,ASNSS,CS,NES,ODOV285.8NOV406.4W12.7U19",KG,,67916,15000,331210,2025,section232_core_steel,Proclamation 9705 core steel range 7304.10-7306.90
7304598070,730459,"OTHER TUBES, PIPES ETC, SMLS, AL STL NOT SS, CIRC CS, NT CLD-TRTED, NESOI, OD OV 285.8 MM NT OV 406.4 MM, WALL THKNS 19 MM OR MORE","OTH TPS,SMS,ASNSS,CS,NES,ODOV285.8NOV406.4,WT19 AO",KG,,67916,15000,331210,2025,section232_core_steel,Proclamation 9705 core steel range 7304.10-7306.90
7304598080,730459,"OTHER TUBES, PIPES ETC, SMLS, AL STL NOT SS, CIRC CS, CLD-TRTED, NESOI, OD OV 406.4 MM","OTH TPS,SMS,ASNSS,CS,NESOI,OD OV 406.4 MM",KG,,67916,15000,331210,2025,section232_core_steel,Proclamation 9705 core steel range 7304.10-7306.90
7304901000,730490,"TUBES, PIPES AND HOLLOW PROFILES, SMLS, NESOI, OF NONCIRC CS W WALL THICKNESS 4MM OR MR, OF IRON OR NONALLOY STEEL",TUBES ETC SMLS NES NONCIRC CS OV 4MM THCK IR/NALST,KG,,67917,15000,331110,2025,section232_core_steel,Proclamation 9705 core steel range 7304.10-7306.90
7304903000,730490,"TUBES, PIPES AND HOLLOW PROFILES, SEAMLESS, NESOI, OF NONCIRC CRS SECTION W WALL THICKNESS 4MM OR MOR OF ALLOY STEEL",TUBES ETC SMLS NES NONCIRC CS OV 4MM THCK ALLOY ST,KG,,67917,15000,331110,2025,section232_core_steel,Proclamation 9705 core steel range 7304.10-7306.90
7304905000,730490,"TUBES, PIPES AND HOLLOW PROFILES, SEAMLESS, NESOI, OF NONCIRCULAR CROSS SECTION, W WALL THICKNESS LESS THN 4MM, OF IRON OR NONALLOY STEEL",TUBES ETC SMLS NES NONCIRC CS 4MM THCK OR LS I/NAS,KG,,67917,15000,331110,2025,section232_core_steel,Proclamation 9705 core steel range 7304.10-7306.90
7304907000,730490,"TUBES, PIPES AND HOLLOW PROFILES, SEAMLESS, NESOI, OF NONCIRCULAR CROSS SECTION, W WALL THICKNESS LESS THN 4MM, OF ALLOY STEEL",TUBES ETC SMLS NES NONCIRC CS 4MM THCK OR LS ALSTL,KG,,67917,15000,331110,2025,section232_core_steel,Proclamation 9705 core steel range 7304.10-7306.90
7305111030,730511,"LINE PIPE FOR OIL/GAS PIPELINE,LONGITUDINALLY SUBMERGED ARC WELDED WITH EXTERNAL DIAMETER OVER 406.4MM-609.6MM,IRON/NONALLOY STEEL,CIRCULAR X-SECTION",OIL LNEPIPE IRON/STL LONGITUDNLY SUBMRGED ARC WELD,KG,,67931,21000,331110,2025,section232_core_steel,Proclamation 9705 core steel range 7304.10-7306.90
7305111060,730511,"LINE PIPE FOR OIL/GAS PIPELINES, LONGITUDINALLY SUBMERGED ARC WELDED WITH EXTERNAL DIAMETER OVER 609.6MM, IRON/NONALLOY STEEL, CIRCULAR CROSS-SECTION","LNPIPE IRON/STL LONGT SBMRG ARC WELD,DIAM GT 609.6",KG,,67931,21000,331110,2025,section232_core_steel,Proclamation 9705 core steel range 7304.10-7306.90
7305115000,730511,"LINE PIPE FOR OIL/GAS PIPELINES, LONGITUDINALLY SUBMERGED ARC WELDED WITH EXTERNAL DIAMETER OVER 406.4MM, OF ALLOY STEEL, WITH CIRCULAR CROSS-SECTION","LNPIP ALLOY/STL LONGTD SBMERGE ARC WELD,GT 406.4MM",KG,,67931,21000,331110,2025,section232_core_steel,Proclamation 9705 core steel range 7304.10-7306.90
7305121030,730512,"LINE PIPE FOR OIL/GAS PIPLINES, LONGITUDINALLY WELDED WITH EXTERNAL DIAMETER OVER 406.4MM BUT NOT OVER 609.6MM,IRON/NONALLOY STEEL,CIRCULAR CROSS SECT","LNPIPE IRON/STL LONGTD WELD,406.4MM-609.6MM DIAM",KG,,67931,21000,331110,2025,section232_core_steel,Proclamation 9705 core steel range 7304.10-7306.90
7305121060,730512,"LINE PIPE FOR OIL/GAS PIPELINES, LONGITUDINALLY WELDED WITH EXTERNAL DIAMETER OVER 609.6MM, OF IRON OR NONALLOY STEEL, WITH CIRCULAR CROSS-SECTION","LINEPIPE IRON/STL LONGITUDNLY WELD,GT 609.6MM DIAM",KG,,67931,21000,331110,2025,section232_core_steel,Proclamation 9705 core steel range 7304.10-7306.90
7305125000,730512,"LINE PIPE FOR OIL OR GAS PIPELINES, LONGITUDINALLY WELDED WITH EXTERNAL DIAMETER >406.4MM, OF ALLOY STEEL, WITH CIRCULAR CROSS SECTION","LINEPIPE ALLOY STL LONGITUD WELD,GT 406.4MM DIAM",KG,,67931,21000,331110,2025,section232_core_steel,Proclamation 9705 core steel range 7304.10-7306.90
7305191030,730519,"LINE PIPE FOR OIL/GAS PIPELINES, WITH EXTERNAL DIAMETER OVER 406.4MM BUT NOT OVER 609.6MM, OF IRON OR NONALLOY STEEL, CIRCULAR CROSS-SECTION, NESOI","LINEPIPE IRON/STL,406.4MM-609.6MM DIAMETER,NESOI",KG,,67931,21000,331110,2025,section232_core_steel,Proclamation 9705 core steel range 7304.10-7306.90
7305191060,730519,"LINE PIPE FOR OIL/GAS PIPELINES, WITH EXTERNAL DIAMETER EXCEEDING 609.6MM, OF IRON OR NONALLOY STEEL, WITH CIRCULAR CROSS-SECTION, NESOI","OIL LINEPIPE IRON/STL, EXTNL DIAM GT 609.6MM,NESOI",KG,,67931,21000,331110,2025,section232_core_steel,Proclamation 9705 core steel range 7304.10-7306.90
7305195000,730519,"LINE PIPE FOR OIL OR GAS PIPELINES, WITH EXTERNAL DIAMETER >406.4MM, OF ALLOY STEEL, CIRCULAR CROSS SECTION, WELDED/RIVETED, NESOI","OIL LINEPIPE ALLOY STL,EXTNL DIAM GT 406.4MM,NESOI",KG,,67931,21000,331110,2025,section232_core_steel,Proclamation 9705 core steel range 7304.10-7306.90
7305202000,730520,"CASING OF A KIND USED IN DRILLING FOR OIL OR GAS, OF IRON OR NONALLOY STEEL, THREADED OR COUPLED, WITH EXTERNAL DIAMETER OVER 406.4 MM","CASING OIL/GAS DRILLNG,I/S,THREAD,GT 406.4MM DI",KG,,67932,21000,331110,2025,section232_core_steel,Proclamation 9705 core steel range 7304.10-7306.90
7305204000,730520,"CASING OF A KIND USED IN DRILLING FOR OIL OR GAS, OF IRON OR NONALLOY STEEL, WITH EXTERNAL DIAMETER OVER 406.4MM, CIRCULAR CROSS-SECTION, NESOI","CASING OIL/GAS DRILL IRN/STL,DIAM GT 406.4MM,NESOI",KG,,67932,21000,331110,2025,section232_core_steel,Proclamation 9705 core steel range 7304.10-7306.90
7305206000,730520,"CASING OF A KIND USED IN DRILLING FOR OIL OR GAS, OF ALLOY STEEL, THREADED OR COUPLED, EXTERNAL DIAMETER OVER 406.4MM, CIRCULAR CROSS-SECTION","CASING OIL/GAS DRILLNG ALLOY STL,THREAD,GT 406.4MM",KG,,67932,21000,331110,2025,section232_core_steel,Proclamation 9705 core steel range 7304.10-7306.90
7305208000,730520,"CASING OF A KIND USED IN DRILLING FOR OIL OR GAS, OF ALLOY STEEL, WITH EXTERNAL DIAMETER OVER 406.4MM, CIRCULAR CROSS-SECTION, NESOI","CASING OIL/GAS DRLL ALLOY STL,DIA GT 406.4MM,NESOI",KG,,67932,21000,331110,2025,section232_core_steel,Proclamation 9705 core steel range 7304.10-7306.90
7305312000,730531,"TAPERED PIPES AND TUBES OF STEEL, LONGITUDINALLY WELDED, PRINCIPALLY USED AS PARTS OF ILLUMINATING ARTICLES EXT DIAM OVER 406.4 MM","TAPERED STL PIPES, TUBES LONG WLD FOR LIGHT POLES",KG,,67933,15000,331110,2025,section232_core_steel,Proclamation 9705 core steel range 7304.10-7306.90
7305314000,730531,"OTHER TUBES AND PIPES (EXC OIL/GAS LINEPIPE OR CASING) LONGITUDINALLYWELDED, OF IRON OR NONALLOY STEEL","TUBES, PIPES NESOI, LONGITUDNLY WELDED IRN/NAL STL",KG,,67933,15000,331110,2025,section232_core_steel,Proclamation 9705 core steel range 7304.10-7306.90
7305316010,730531,"TUBES AND PIPES OF STAINLESS STEEL, LONGITUDINALLY WELDED, HAVING CIRCULAR CROSS SECTIONS, THE EXTERNAL DIAMETER OF WHICH EXCEEDS 406.4 MM, NESOI",TUBES/PIPES SS LNG WELD CIR X-SEC GT 406.4MM NESOI,KG,,67933,15000,331110,2025,section232_core_steel,Proclamation 9705 core steel range 7304.10-7306.90
7305316090,730531,"TUBES AND PIPES OF ALLOY STEEL, LONGITUDINALLY WELDED, HAVING CIRCULAR CROSS SECTIONS, THE EXTERNAL DIAMETER OF WHICH EXCEEDS 406.4 MM, NESOI",TUBES/PIPE ALLOY LNG WLD CIR XSEC GT 406.4MM NESOI,KG,,67933,15000,331110,2025,section232_core_steel,Proclamation 9705 core steel range 7304.10-7306.90
7305391000,730539,"OTHER TUBES AND PIPES NESOI WELDED OTHER THAN LONGITUDNLY, OR IRON ORNONALY STL, CIRC CS, EXT DIAM OV 406.4 MM","TUBES, PIPES NESOI, WLD NOT LONGIT, IRN/NAL STL",KG,,67933,15000,331110,2025,section232_core_steel,Proclamation 9705 core steel range 7304.10-7306.90
7305395000,730539,"OTHER TUBES AND PIPES NESOI WELDED OTHER THAN LONGITUDNLY, OF ALLOY STEEL, CIRCULAR CROSS SECTION, EXT DIAM OV 4.604 MM","TUBES, PIPES NESOI, WLD NOT LONGITUD, ALLOY ST",KG,,67933,15000,331110,2025,section232_core_steel,Proclamation 9705 core steel range 7304.10-7306.90
7305901000,730590,"OTHER TUBES AND PIPES NESOI, RIVETED OR SIMILARLY CLOSED, NOT WELDED, OF IRON OR NONALLOY STEEL, CIRC CS, EXT DIAM OVER 4.604 MM, NT OIL LNPIP OR CASG","OTH TUBES, PIPES NESOI RIVETED ETC NT WLD IR/NALST",KG,,67939,15000,331110,2025,section232_core_steel,Proclamation 9705 core steel range 7304.10-7306.90
7305905000,730590,"OTHER TUBES AND PIPES NESOI, RIVETED OR SIMILARLY CLOSED, NOT WELDED, OF ALLOY STEEL, CIRCULAR CRS SEC, EXT DIAM OVER 406.4 MM, NT OIL LINPIP OR CASNG","OTH TUBES, PIPES NESOI RIVETED ETC NT WLD AL",KG,,67939,15000,331110,2025,section232_core_steel,Proclamation 9705 core steel range 7304.10-7306.90
7306110010,730611,"LINEPIPE  FOR OIL/GAS PIPELINES, WELDED, OF STAINLESS STEEL, DIAMETER NOT OVER 114.3 MM, NESOI","LINEPIPE GAS/OIL,WELDED, STAINLESS, DIAM < 114.3MM",KG,,67941,21000,331210,2025,section232_core_steel,Proclamation 9705 core steel range 7304.10-7306.90
7306110050,730611,"LINEPIPE  FOR OIL/GAS PIPELINES, WELDED, OF STAINLESS STEEL, DIAMETER OVER 114.3 MM","LINEPIPE OIL/GAS,WELDED, STAINLESS, DIAM > 114.3MM",KG,,67941,21000,331210,2025,section232_core_steel,Proclamation 9705 core steel range 7304.10-7306.90
7306191010,730619,"LINEPIPE FOR OIL/GAS PIPELINES, IRON/NONALLOY STEEL, DIAMETER NOT OVER 114.3 MM, NESOI","LINEPIPE,IRON/NALLOY,OIL/GAS PIPES,DIAM LT 114.3MM",KG,,67941,21000,331110,2025,section232_core_steel,Proclamation 9705 core steel range 7304.10-7306.90
7306191050,730619,"LINEPIPE  FOR OIL/GAS PIPELINES, IRON OR NONALLOY STEEL, DIAMETER OVER 114.3 MM, NESOI","LINEPIPE,GAS,IRON/NONALLOY,OV 114.3MM, NESOI",KG,,67941,21000,331110,2025,section232_core_steel,Proclamation 9705 core steel range 7304.10-7306.90
7306195110,730619,"LINEPIPE  FOR OIL/GAS PIPELINES, OF OTHER ALLOY STEEL NOT STAINLESS, DIAMETER NOT OVER 114.3 MM, NESOI","LINEPIPE GAS/OIL, OTH ALLOY NT STN, DIAM < 114.3MM",KG,,67941,21000,331110,2025,section232_core_steel,Proclamation 9705 core steel range 7304.10-7306.90
7306195150,730619,"LINEPIPE  FOR OIL/GAS PIPELINES, OF OTHER ALLOY STEEL NOT STAINLESS, DIAMETER OVER 114.3 MM, NESOI","LINEPIPE,OIL/GAS,OTH ALLOY NT STAINLS,DIAM>114.3MM",KG,,67941,21000,331110,2025,section232_core_steel,Proclamation 9705 core steel range 7304.10-7306.90
7306213000,730621,"OIL WELL CASING, WELDED OF STAINLESS STEEL, THREADED OR COUPLED","OIL WELL CASING,WELDED,STAINLESS, THREAD/COUPLED",KG,,67942,21000,331210,2025,section232_core_steel,Proclamation 9705 core steel range 7304.10-7306.90
7306214000,730621,"OIL WELL CASING, WELDED OF STAINLESS STEEL, NOT THREADED OR COUPLED","OIL WELL CASING,WELD,STAINLESS,NOT THREAD/COUPLD",KG,,67942,21000,331210,2025,section232_core_steel,Proclamation 9705 core steel range 7304.10-7306.90
7306218010,730621,"OIL WELL TUBING, WELDED OF STAINLESS STEEL, IMPORTED WITH COUPLING","OILWELL TUBING, WELDED, STAINLESS, IMP W/ COUPLING",KG,,67942,21000,331210,2025,section232_core_steel,Proclamation 9705 core steel range 7304.10-7306.90
7306218050,730621,"OIL WELL TUBING, WELDED OF STAINLESS STEEL, NOT IMPORTED WITH COUPLING","OILWELL TUBING, WELDED, STAINLESS, NT IMP W/ COUP",KG,,67942,21000,331210,2025,section232_core_steel,Proclamation 9705 core steel range 7304.10-7306.90
7306291030,730629,"OIL WELL CASING NESOI OF IRON OR NONALLOY STEEL, IMPORTED WITH COUPLING, NOT SEAMLESS",OLWL CSNG NESOI IOS NA THDD W CPLG NTSML,KG,,67942,21000,331110,2025,section232_core_steel,Proclamation 9705 core steel range 7304.10-7306.90
7306291090,730629,"OIL WELL CASING NESOI, OF IRON OR NONALLOY STEEL, THREADED, NOT IMPORTED WITH COUPLING, NOT SEAMLESS",OLWL CSNG NESOI IOS NA THDD W/O CPLG NTSMLS,KG,,67942,21000,331110,2025,section232_core_steel,Proclamation 9705 core steel range 7304.10-7306.90
7306292000,730629,"OIL WELL CASING, NOT SEAMLESS, NESOI, OF IRON OR NONALLOY STEEL, NOT THREADED OR COUPLED",OIL WELL CASING NSMLS NESOI IOS NA NT THDD OR CPLD,KG,,67942,21000,331110,2025,section232_core_steel,Proclamation 9705 core steel range 7304.10-7306.90
7306293100,730629,"OIL WELL CASING, OF OTHER ALLOY STEEL NOT STAINLESS, THREADED OR COUPLED","OIL WELL CASING,OTH ALLOY NT STAINLS,THREAD/COUPLD",KG,,67942,21000,331110,2025,section232_core_steel,Proclamation 9705 core steel range 7304.10-7306.90
7306294100,730629,"OIL WELL CASING, OF OTHER ALLOY STEEL NOT STAINLESS, NOT THREADED OR COUPLED","OILWELL CASING,OTH ALLOY NOT STN,NOT THREAD/COUPLD",KG,,67942,21000,331110,2025,section232_core_steel,Proclamation 9705 core steel range 7304.10-7306.90
7306296010,730629,"OIL WELL TUBING, NOT SEAMLESS, NESOI, OF IRON OR NONALLOY STEEL, IMPORTED WITH COUPLING",OILWELL TUBING NSMLS NESOI IR/NAL ST IMP W COUPLNG,KG,,67942,21000,331110,2025,section232_core_steel,Proclamation 9705 core steel range 7304.10-7306.90
7306296050,730629,"OIL WELL TUBING, NOT SEAMLESS, NESOI, OF IRON OR NONALLOY STEEL, NOT IMPORTED WITH COUPLING",OILWELL TUBING NSMLS NES IR/NAS NT IMP W COUPLING,KG,,67942,21000,331110,2025,section232_core_steel,Proclamation 9705 core steel range 7304.10-7306.90
7306298110,730629,"OIL WELL TUBING, OF OTHER ALLOY STEEL NOT STAINLESS, IMPORTED WITH COUPLING","OILWELL TUBING,OTH ALLOY NT STAINLS,IMP W/ COUPLNG",KG,,67942,21000,331110,2025,section232_core_steel,Proclamation 9705 core steel range 7304.10-7306.90
7306298150,730629,"OIL WELL TUBING, OF OTHER ALLOY STEEL NOT STAINLESS, NOT IMPORTED WITH COUPLING","OILWELL TUBING, ALLOY NT STAINLESS, NT IMP W/ COUP",KG,,67942,21000,331110,2025,section232_core_steel,Proclamation 9705 core steel range 7304.10-7306.90
7306301000,730630,"OTHER TUBES, PIPES AND HOLLOW PROFILES, NESOI, OF CIRCULAR CROSS SECTION, WELDED, OF IRON OR NONALLOY STEEL WITH WALL THICKNESS LESS THAN 1.65 MM",OTH TUBES ETC NES CIRC WLD NAS WLS LSTH 1.65MM THK,KG,,67943,15000,331110,2025,section232_core_steel,Proclamation 9705 core steel range 7304.10-7306.90
7306303000,730630,"TAPERED STEEL PIPES AND TUBES NESOI WELDED, CIRC CRS SEC, WALL THCKNS 1.65MM OR MORE, PRINCIPLY USED AS PARTS OF ILLUMINATING ARTICLS, IRN NONALLY STL",TAPRD PIPES ETC NES WLD CIRC 1.65 AO IOS NA LT PLS,KG,,67943,15000,331210,2025,section232_core_steel,Proclamation 9705 core steel range 7304.10-7306.90
7306305010,730630,"TUBES, PIPES AND HOLLOW PROFILES, WELDED, CIRC CS, NESOI, OF IRON OR NONALLOY STEEL, WALL THCKNS 1.65MM OR MORE, FOR USE IN BOILERS, HEATERS, ETC",TUBES ETC WLD CIRC NES NAS OV 1.65 THK FR BOILR ET,KG,,67943,21180,331110,2025,section232_core_steel,Proclamation 9705 core steel range 7304.10-7306.90
7306305015,730630,"TUBES, PIPES AND HOLLOW PROFILES, WELDED, CIRC CS, NESOI, OF IRON OR NONALLOY STEEL, WALL THCKNS 1.65MM OR MORE, COLD-DRAWN, NOT FOR BOILERS ETC",TUBES ETC WLD CIR NES NAS OV 1.65 THK COLD-DRAWN,KG,,67943,15000,331110,2025,section232_core_steel,Proclamation 9705 core steel range 7304.10-7306.90
7306305020,730630,"OTHER TUBES, PIPES ETC NESOI, WELDED, W CIRC CRS SEC, COLD-ROLLED, W WALL THICKNESS OF 1.65 TO 2.54 MM, NOT COLD-DRAWN, NOT FOR BOILERS ETC, IR/NAL ST",OTH TUBES ETC NES WLD CIRCS CLD-RLD WLS 1.65-2.54,KG,,67943,15000,331110,2025,section232_core_steel,Proclamation 9705 core steel range 7304.10-7306.90
7306305026,730630,"OTHER TUBES, PIPES ETC NESOI, WELDED, CIRC CRS SEC,IRON OR NONALLOY STEEL,GALVANIZED, WITH AN OUTSIDE DIAMETER NOT EXCEEDING 50.8MM,IMP WITH COUPL ING","OTH TUBES ETC NES WLD CIRC OD NO 50.8, GAL W CPLG",KG,,67943,15000,331110,2025,section232_core_steel,Proclamation 9705 core steel range 7304.10-7306.90
7306305027,730630,"OTHR TUBES/PIPES/ETC NESOI, WELDED, CIRC CRS SEC, IRON/NA STEEL, GALVANIZED, W OUTSIDE DIAMETER EXCEEDING 50.8MM NOT EXCEEDING 114.3MM, IMP W/COUPLING","OTH TUBES ETC NES WLD CIRC OD NO 114.3, GAL W CPLG",KG,,67943,15000,331110,2025,section232_core_steel,Proclamation 9705 core steel range 7304.10-7306.90
7306305028,730630,"OTHER TUBES, PIPES ETC, WELDED, CIRC, IRON OR NONALLOY STEEL, GALVANIZED, OUTSIDE DIAMETER NOV 114.3MM, WITHOUT COUPLING, INTERNALLY COATED OR LINED",OTH TUBES ETC WLD CIR GALV WO CPL INTNL CTD OR LND,KG,,67943,15000,331110,2025,section232_core_steel,Proclamation 9705 core steel range 7304.10-7306.90
7306305031,730630,"OTHER TUBES, PIPES ETC NESOI, WELDED, CIRC CRS SEC, IRON OR NONALLOY STEEL, GALVANIZED, OUTSIDE DIAMETER NOT EXCEEDING 50.8MM, W/O COUPLING OR LINING",OTH PIPES ETC WLD CIR GLV OD NO 50.8 W/O CPLNG/LNG,KG,,67943,15000,331110,2025,section232_core_steel,Proclamation 9705 core steel range 7304.10-7306.90
7306305033,730630,"OTHR TUBES/PIPES/ETC NESOI, WELDED, CIRC CRS SEC, IRON/NA STEEL, GLVNIZD, W OUTSIDE DIAMETER EXCEEDING 50.8MM NOT EX 114.3MM,W/OUT COUPLING OR LINING",OTH PPES ETC WLD CIR GLV OD NO 114.3 W/O CPLNG/LNG,KG,,67943,15000,331110,2025,section232_core_steel,Proclamation 9705 core steel range 7304.10-7306.90
7306305035,730630,"TUBE AND PIPE HOLLOWS FOR REDRAWING, WELDED, CIRC CS, IRN OR NALY STL, NT GALVANZD, OUTSD DIAMTR NT OVER 114.3MM, WALL THICKNESS 1.65MM OR MORE, NESOI",TUBE/PIPE HOLLOWS FR REDRWNG WLD CCS IOS NAL NESOI,KG,,67943,15000,331110,2025,section232_core_steel,Proclamation 9705 core steel range 7304.10-7306.90
7306305041,730630,"OTHER TUBES, PIPES ETC NESOI, WELDED, CIRC CS, IRN OR NALY STL, NT GALVANZD, OUTSD DIAMTR NO 50.8MM, IMPORTED W COUPLING",OTH TUBES ETC WLD CIR NT GLV OD NO 50.8MM W/CPLING,KG,,67943,15000,331110,2025,section232_core_steel,Proclamation 9705 core steel range 7304.10-7306.90
7306305043,730630,"OTHER TUBES, PIPES ETC NESOI, WELDED, CIRC CS, IRN OR NALY STL, NT GALVANZD, OUTSD DIAMTR EXCEEDING 50.8MM NOT EXCEEDING 114.3, IMPORTED W COUPLING",OTH TUBES ETC WLD CIR NT GLV OD NO 114.3 W/CPLING,KG,,67943,15000,331110,2025,section232_core_steel,Proclamation 9705 core steel range 7304.10-7306.90
7306305056,730630,"OTHER TUBES, PIPES ETC, WELDED, CIRC CS, IRON OR NONALY STEEL, NT GALVANZD, OUTSD DIAM NOT OVER 50.8MM, NESOI","OTH TUBES ETC WLD CIR NT GLV, OD DIAM NOT OVR 50.8",KG,,67943,15000,331110,2025,section232_core_steel,Proclamation 9705 core steel range 7304.10-7306.90
7306305057,730630,"OTHER TUBES, PIPES ETC, WELDED, CIRC CS, IRON OR NONALY STEEL, NT GALVANZD, OUTSD DIAM OVER 50.8MM NOT OVER 114.3MM","OTH TUBES ETC WLD CIR NT GLV, OD DIAM NT OVR 114.3",KG,,67943,15000,331110,2025,section232_core_steel,Proclamation 9705 core steel range 7304.10-7306.90
7306305085,730630,"OTHER TUBES, PIPES ETC, WELDED, CIRC CS, IRN/NAL STL, GALVANZD, WALL THICKNS 1.65MM OR MORE, OUTSD DIAM OVER 114.3, NT OVR 406.4MM",PIPES ETC IOS CRC GV WL 1.65MM AO TH OD 114-406MM,KG,,67943,15000,331110,2025,section232_core_steel,Proclamation 9705 core steel range 7304.10-7306.90
7306305090,730630,"OTHER TUBES, PIPES ETC, WELDED, CIRC CS, IRN/NAL STL, NT GALVANZD, WALL THICKNS 1.65MM OR MORE, OUTSD DIAM OVER 114.3, NT OVR 406.4MM",PIPES ETC IR/ST NGL WL THKNS 1.65MM AO OD 114-406,KG,,67943,15000,331110,2025,section232_core_steel,Proclamation 9705 core steel range 7304.10-7306.90
7306401010,730640,"OTH STAINLESS STEEL TUBES,PIPES,HOLLOW PROFILES,WLDED,CIRCULAR,WALL UN 1.65MM THICK,OVER 0.5 PERCENT NICKEL,OVER 1.5 PERCENT-UNDR 5 PERCENT MOLYBDENUM",OTH SS P/T/HP WD CIRC WL UN 1.65MM OV .5% NCKL ETC,KG,,67943,15000,331210,2025,section232_core_steel,Proclamation 9705 core steel range 7304.10-7306.90
7306401015,730640,"OTHER STAINLESS STEEL PIPES,TUBES,HOLLOW PROFILES, WELDED, CIRCULAR CROSS SECTION, WALL UNDER 1.65MM THICK, OVER 0.5 PERCENT NICKEL, NESOI",OTH SS P/T/HP WD CCS WL UN 1.65 OV .5% NCKL NESOI,KG,,67943,15000,331210,2025,section232_core_steel,Proclamation 9705 core steel range 7304.10-7306.90
7306401090,730640,"OTHER TUBES, PIPES AND HOLLOW PROFILES, WELDED, CCS, STAINLESS STEEL, WALL THICKNESS LESS THAN 1.65MM, NOT OVER 0.5 PERCENT NICKEL",OTH TUBES WLD CCS SS WLS LT 1.65MM TH NOV 0.5% NI,KG,,67943,15000,331210,2025,section232_core_steel,Proclamation 9705 core steel range 7304.10-7306.90
7306405005,730640,"OTHER TUBES, PIPES AND HOLLOW PROFILES, NESOI, WELDED, CIRC CS OF HIGH-NICKEL STAINLESS STEEL WITH WALL THICKNESS OF 1.65MM OR MORE",TUBES ETC WLD CIRC CS HI-NI STAINLS STL 1.65MMOM,KG,,67943,15000,331210,2025,section232_core_steel,Proclamation 9705 core steel range 7304.10-7306.90
7306405015,730640,"OTHER TUBES, PIPES AND HOLLOW PROFILES NESOI WELDED, CIRC CS, STAINLESS STL, WALL THCKNESS 1.65MM OR MORE, SUITABLE FOR USE IN BOILERS, SUPRHTRS, ETC",TUBES ETC NES WLD CIRC STNLS STL 1.65MMOM FR BOILR,KG,,67943,20000,331210,2025,section232_core_steel,Proclamation 9705 core steel range 7304.10-7306.90
7306405040,730640,"OTHER TUBES, PIPES, AND HOLLOW PROFILES, COLD-ROLLED, CCS, STAINLESS STEEL, WALL THICKNESS 1.65MM ORMORE, OVER 0.5% BUT LESS THAN 24% NICKEL",TUBES WLD CCS SS 1.65MM OM CR OV 0.5 BUT LT 24% NI,KG,,67943,15000,331210,2025,section232_core_steel,Proclamation 9705 core steel range 7304.10-7306.90
7306405042,730640,"OTHER STAINLESS STEEL TUBES, PIPES, HOLLOW PROFILES, COLD-ROLLED, CIRCULAR CROSS-SECTION, WALL THICKNESS 1.65MM OR MORE, UNDER 15 PERCENT CHROMIUM",OTH SS P/T/HP CR CRC CS WLL 1.65MM AO UN 15% CHROM,KG,,67943,15000,331210,2025,section232_core_steel,Proclamation 9705 core steel range 7304.10-7306.90
7306405044,730640,"OTHER STAINLESS STEEL TUBES, PIPES, HOLLOW PROFILES, COLD-ROLLED, CIRCULAR CROSS-SECTION, WALL THICKNESS 1.65MM OR MORE, NESOI",OTH SS T/P/HP CR CIRC CS WLL 1.65MM AO THCK NESOI,KG,,67943,15000,331210,2025,section232_core_steel,Proclamation 9705 core steel range 7304.10-7306.90
7306405062,730640,"OTH STAINLS STEEL TUBES,PIPES,HOLLOW PROFILES,CIRC CS,WALLS 1.65MM AO THCK, OUTSDE DIAM NOV 114.3MM, 0.5 BUT UNDER 24% NICKEL,OV 1.5-UN 5% MOLYBDENUM",OTH SS T/P/HP CCS WL 1.65 AO THK OD NOV 114.3 ETC,KG,,67943,15000,331210,2025,section232_core_steel,Proclamation 9705 core steel range 7304.10-7306.90
7306405064,730640,"OTH STAINLS STEEL TUBES,PIPES,HOLLOW PROFILES,CIRCULAR CROSS-SECTION,WALL THKNS 1.65MM OR MORE,OUTSIDE DIAM NOV 114.3MM,0.5 BUT UNDER 24% NICKEL,NESOI",TUBES WD CS SS WLS OV1.65 OD NO114.3 0.5 LT 24% NI,KG,,67943,15000,331210,2025,section232_core_steel,Proclamation 9705 core steel range 7304.10-7306.90
7306405080,730640,"OTHER TUBES, PIPES, HOLLOW PROFILES, WELDED, CCS, STAINLESS STEEL, WALL THICKNESS 1.65MM OR MORE, OD NOT OVER 114.3MM, 0.5 PERCENT OR LESS NICKEL",TUBES WD CS SS WLS OV 1.65 OD NO114.3 NOV 0.5% NI,KG,,67943,15000,331210,2025,section232_core_steel,Proclamation 9705 core steel range 7304.10-7306.90
7306405085,730640,"OTHER TUBES, PIPES, HOLLOW PROFILES, WELDED, CCS, SS, WALL THICKNESS 1.65MM OR MORE, OD OVER 114.3MM NOV 406.4MM, OVER 0.5% LESS THAN 24% NICKEL",TUBES WLD CCS SS OD 114.3-406.4MM OV 0.5 LT 24% NI,KG,,67943,15000,331210,2025,section232_core_steel,Proclamation 9705 core steel range 7304.10-7306.90
7306405090,730640,"OTHER TUBES, PIPES, HOLLOW PROFILES, WELDED, CCS, STAINLESS STEEL, WALL THICKNESS 1.65MM OR MORE, OD OV 114.3 NOV 406.4MM, 0.5 PERCENT OR LESS NICKEL",TUBES WLD CCS SS OD 114.3-406.4MM NOV 0.5% NICKEL,KG,,67943,15000,331210,2025,section232_core_steel,Proclamation 9705 core steel range 7304.10-7306.90
7306501000,730650,"OTHER TUBES, PIPES ETC NESOI, WLD, CIRC CRS SEC, OF ALLOY STEEL OTHER THAN STAINLESS, HAVING A WALL THICKNESS OF LESS THAN 1.65 MM",OTH TUBES ETC NES WLD CIR ALY STL NT ST WLS LT1.65,KG,,67943,15000,331210,2025,section232_core_steel,Proclamation 9705 core steel range 7304.10-7306.90
7306503000,730650,"TAPERED PIPES AND TUBES OF ALLOY STEEL OTHER THAN STAINLESS, PRINCIPALLY USED AS PARTS OF ILLUMINATING ARTICLES, WITH A WALL THICKNESS OF 1.65MM OR MR","TAPERED PIPES, ALY STL EX STNLS OV1.65MM FR LITEPL",KG,,67943,15000,331210,2025,section232_core_steel,Proclamation 9705 core steel range 7304.10-7306.90
7306505010,730650,"OTHER TUBES, PIPES ETC NESOI, WLD, CIRC CRS SEC, OF ALLOY STEEL OTHER THAN STAINLESS WITH WALLS 1.65MM THCK OR MORE, SUITABLE FOR BOILERS,HEATERS ETC",OTH TUBES ETC NES WLD CIR ALY STL NT SS F BLRS ETC,KG,,67943,15000,331210,2025,section232_core_steel,Proclamation 9705 core steel range 7304.10-7306.90
7306505030,730650,"OTHER TUBES, PIPES ETC NESOI, WLD, CIRC CRS SEC, OF ALLOY STELL EXC STAINLESS, WALLS 1.65MM THCK OR MORE, COLD-DRAWN OR COLD-ROLLED",OTH TUBES ETC NES WLD CIR ALY STL C-WKD NT STNLS,KG,,67943,15000,331210,2025,section232_core_steel,Proclamation 9705 core steel range 7304.10-7306.90
7306505050,730650,"OTHER TUBES, PIPES ETC NESOI, WELDED, CIRC CRS SEC, OF ALLOY STEEL EXCEPT STAINLESS, WALL THCKNS 1.65MM OR MORE, OUTSIDE DIAM NOT OVER 114.3 MM",OTH TUBES ETC NES WLD CIR ALY ST NS OD NOV 114.3MM,KG,,67943,15000,331210,2025,section232_core_steel,Proclamation 9705 core steel range 7304.10-7306.90
7306505070,730650,"OTHER TUBES, PIPES ETC NESOI, WELDED, CIRC CRS SEC, OF ALLOY STL EXC STAINLESS, WALL THCKNS 1.65MM OR MORE, OUTSIDE DIAM OVER 114.3, NT OVER 406.4 MM",OTH TUBES ETC NES WLD CIR ALY ST OD 114.3-406.4 MM,KG,,67943,15000,331210,2025,section232_core_steel,Proclamation 9705 core steel range 7304.10-7306.90
7306611000,730661,"OTHER TUBES, PIPES ETC NESOI, WELDED, OF SQUARE OR RECTANGULAR CROSS SECTION, WALL THICKNESS GREATER THAN OR EQUAL TO 4MM, OF IRON OR NONALLOY STEEL","OTH TUB,PIP,NESOI,WLD,SQ/REC CS,TH>=4MM,IR/NNALLOY",KG,,67944,15000,331110,2025,section232_core_steel,Proclamation 9705 core steel range 7304.10-7306.90
7306613000,730661,"OTHER TUBES, PIPES AND HOLLOW PROFILES NESOI, WELDED, OF NONCIRCULAR CROSS SECTION, WALL THICKNESS 4MM OR MORE, OF ALLOY STEEL","OTH TUBE,PIPE,NESOI,WELD,SQR/REC CS,THK>=4MM,ALLOY",KG,,67944,15000,331110,2025,section232_core_steel,Proclamation 9705 core steel range 7304.10-7306.90
7306615000,730661,"OTHER TUBES, PIPES AND HOLLOW PROFILES NESOI, WELDED, OF SQUARE OR RECTANGULAR CROSS SECTION, WALL THICKNESS LESS THAN 4 MM, OF IRON OR NONALLOY STEEL","OTH TUB,PIP,NESOI,WLD,SQ/REC CS,TH<4MM,IRN/NNALLOY",KG,,67944,15000,331110,2025,section232_core_steel,Proclamation 9705 core steel range 7304.10-7306.90
7306617030,730661,"TUBES, PIPES AND HOLLOW PROFILES NESOI, WELDED, OF SQUARE OR RECTANGULAR CROSS SECTION, WALL THICKNESS 4MM OR LESS, OF STAINLESS STEEL","OTH TUB,PIP,NESOI,WELD,SQ/REC CS,THK<4MM,STAINLESS",KG,,67944,15000,331110,2025,section232_core_steel,Proclamation 9705 core steel range 7304.10-7306.90
7306617060,730661,"TUBES, PIPES AND HOLLOW PROFILES, WELDED, OF SQUARE OR RECTANGULAR CROSS SECTION, WALL THICKNESS 4MM OR LESS, OF OTHER ALLOY STEEL NOT STAINLESS","OTH TUB,PIP,NESOI,WELD,SQ/REC CS,TH<4MM,ALY NT STN",KG,,67944,15000,331110,2025,section232_core_steel,Proclamation 9705 core steel range 7304.10-7306.90
7306691000,730669,"OTHER TUBES, PIPES ETC NESOI, WELDED, OF OTHER NONCIRCULAR CROSS SECTION, WALL THICKNESS 4MM OR MORE, OF IRON OR NONALLOY STEEL","OTH TUB,PIP,NESOI,WLD,OTH NC CS,TH>=4MM,IR/NNALLOY",KG,,67944,15000,331110,2025,section232_core_steel,Proclamation 9705 core steel range 7304.10-7306.90
7306693000,730669,"OTHER TUBES, PIPES AND HOLLOW PROFILES NESOI, WELDED, OF OTHER NONCIRCULAR CROSS SECTION, WALL THICKNESS 4MM OR MORE, OF ALLOY STEEL","OTH TUB,PIP,NESOI,WLD,OTH NONCIRC CS,TH>=4MM,ALLOY",KG,,67944,15000,331110,2025,section232_core_steel,Proclamation 9705 core steel range 7304.10-7306.90
7306695000,730669,"OTHER TUBES, PIPES AND HOLLOW PROFILES NESOI, WELDED, OF OTHER NONCIRCULAR CROSS SECTION, WALL THICKNESS LESS THAN 4 MM, IRON OR NONALLOY STEEL","OTH TUB,PIP,NESOI,WLD,OTH NC CS,TH<4MM,IRN/NNALLOY",KG,,67944,15000,331110,2025,section232_core_steel,Proclamation 9705 core steel range 7304.10-7306.90
7306697030,730669,"TUBES, PIPES AND HOLLOW PROFILES NESOI, WELDED, OF OTHER NONCIRCULAR CROSS SECTION, WALL THICKNESS 4MM OR LESS, OF STAINLESS STEEL","OTH TUB,PIP,NESOI,WLD,OTH NNCIRC CS,TH<4MM,STAINLS",KG,,67944,15000,331110,2025,section232_core_steel,Proclamation 9705 core steel range 7304.10-7306.90
7306697060,730669,"TUBES, PIPES AND HOLLOW PROFILES, WELDED, OF OTHER NONCIRCULAR CROSS SECTION, WALL THICKNESS 4MM OR LESS, OF ALLOY STEEL NOT STAINLESS","OTH TUB,PIP,NESOI,WELD,OTH NC CS,TH<4MM,ALY NT STN",KG,,67944,15000,331110,2025,section232_core_steel,Proclamation 9705 core steel range 7304.10-7306.90
7306901000,730690,"OTHER TUBES, PIPES AND HOLLOW PROFILES NESOI, OF IRON OR NONALLOY STEEL","OTH TUBES ETC, NESOI, OF IRON OR NONALLOY STEEL",KG,,67949,15000,331110,2025,section232_core_steel,Proclamation 9705 core steel range 7304.10-7306.90
7306905000,730690,"OTHER TUBES, PIPES AND HOLLOW PROFILES NESOI, OF ALLOY STEEL","OTH TUBES ETC, NESOI, OF ALLOY STEEL",KG,,67949,15000,331110,2025,section232_core_steel,Proclamation 9705 core steel range 7304.10-7306.90
